element,web_name,team,position,benchmark_ppg,beta_season,avg_pts_4gw,alpha_4gw,sharpe_4gw,sortino_4gw,info_ratio_4gw,consistency_4gw,max_drawdown_4gw,home_avg_4gw,away_avg_4gw,home_away_diff_4gw,avg_pts_6gw,alpha_6gw,sharpe_6gw,sortino_6gw,info_ratio_6gw,consistency_6gw,max_drawdown_6gw,home_avg_6gw,away_avg_6gw,home_away_diff_6gw,avg_pts_season,alpha_season,sharpe_season,sortino_season,info_ratio_season,consistency_season,max_drawdown_season,home_avg_season,away_avg_season,home_away_diff_season,xg_share_4gw,xa_share_4gw,team_xg_4gw,team_xa_4gw,xg_share_6gw,xa_share_6gw,team_xg_6gw,team_xa_6gw,form_trajectory,form_direction
1,Raya,ARS,GKP,0.75,-0.793,5.25,4.5,1.377,0.0,1.377,0.623,1,6.0,4.5,1.5,5.33,4.59,1.23,0.0,1.23,0.699,1,7.33,3.33,4.0,4.26,3.51,1.278,0.0,1.278,0.645,1,4.58,3.95,0.63,0.0,0.003,3.61,3.75,0.0,0.002,3.92,4.2,0.99,Rising
5,Gabriel,ARS,DEF,1.24,-0.287,6.0,4.76,1.347,0.0,1.347,0.589,1,6.0,6.0,0.0,5.33,4.1,1.074,8.193,1.074,0.715,1,6.67,4.0,2.67,5.5,4.26,0.976,8.862,0.976,0.794,8,5.58,5.42,0.16,0.26,0.019,3.61,3.75,0.245,0.021,3.92,4.2,0.5,Stable
6,Saliba,ARS,DEF,1.24,-0.328,4.75,3.51,1.192,0.0,1.192,0.621,1,7.0,2.5,4.5,4.83,3.6,1.346,0.0,1.346,0.553,1,7.0,2.67,4.33,3.61,2.37,0.729,4.747,0.729,0.901,3,4.26,2.95,1.31,0.0,0.128,3.61,3.75,0.0,0.121,3.92,4.2,1.14,Rising
7,Calafiori,ARS,DEF,1.24,-0.191,4.0,2.76,0.896,0.0,0.896,0.771,1,7.0,1.0,6.0,2.67,1.43,0.455,2.86,0.455,1.179,2,4.67,0.67,4.0,2.87,1.63,0.463,3.319,0.463,1.229,7,3.53,2.21,1.32,0.122,0.072,3.61,3.75,0.112,0.064,3.92,4.2,1.13,Rising
10,Lewis-Skelly,ARS,DEF,1.24,0.079,3.75,2.51,1.103,0.0,1.103,0.607,1,3.5,4.0,-0.5,2.67,1.43,0.589,3.033,0.589,0.91,2,2.67,2.67,0.0,0.76,-0.47,-0.352,-0.957,-0.352,1.764,34,0.95,0.58,0.37,0.0,0.029,3.61,3.75,0.0,0.029,3.92,4.2,2.99,Rising
16,Saka,ARS,MID,1.17,0.224,5.75,4.58,0.951,0.0,0.951,0.837,1,10.5,1.0,9.5,4.0,2.83,0.608,6.003,0.608,1.164,2,7.33,0.67,6.66,4.13,2.96,0.813,6.156,0.813,0.882,3,4.42,3.84,0.58,0.15,0.373,3.61,3.75,0.148,0.336,3.92,4.2,1.62,Rising
20,Trossard,ARS,MID,1.17,0.185,4.5,3.33,1.04,0.0,1.04,0.711,1,5.0,4.0,1.0,3.17,2.0,0.617,4.235,0.617,1.022,2,3.33,3.0,0.33,3.13,1.96,0.576,3.954,0.576,1.087,6,3.32,2.95,0.37,0.177,0.211,3.61,3.75,0.163,0.21,3.92,4.2,1.37,Rising
21,Rice,ARS,MID,1.17,0.079,3.25,2.08,1.016,0.0,1.016,0.63,1,5.0,1.5,3.5,2.83,1.66,0.939,0.0,0.939,0.625,1,4.0,1.67,2.33,4.84,3.67,1.036,7.344,1.036,0.732,1,4.05,5.63,-1.58,0.0,0.125,3.61,3.75,0.0,0.133,3.92,4.2,-1.59,Falling
32,Martinez,AVL,GKP,0.75,-0.292,2.5,1.75,0.804,0.0,0.804,0.872,1,2.0,3.0,-1.0,2.5,1.75,0.972,0.0,0.972,0.721,1,2.0,3.0,-1.0,3.16,2.41,0.784,0.0,0.784,0.973,1,3.74,2.58,1.16,0.0,0.008,4.3100000000000005,1.3,0.0,0.008,6.750000000000001,2.5300000000000002,-0.66,Falling
36,Cash,AVL,DEF,1.24,-0.401,1.75,0.51,0.267,1.089,0.267,1.097,3,2.5,1.0,1.5,1.67,0.43,0.269,0.993,0.269,0.959,3,2.0,1.33,0.67,3.08,1.84,0.547,3.127,0.547,1.094,3,3.79,2.37,1.42,0.002,0.146,4.3100000000000005,1.3,0.003,0.095,6.750000000000001,2.5300000000000002,-1.33,Falling
39,Maatsen,AVL,DEF,1.24,-0.023,2.0,0.76,0.441,0.0,0.441,0.866,3,1.0,3.0,-2.0,2.17,0.93,0.457,2.147,0.457,0.939,4,2.33,2.0,0.33,1.42,0.18,0.11,0.382,0.11,1.182,14,1.58,1.26,0.32,0.014,0.115,4.3100000000000005,1.3,0.009,0.213,6.750000000000001,2.5300000000000002,0.58,Rising
40,Mings,AVL,DEF,1.24,0.017,1.25,0.01,0.008,0.028,0.008,1.311,3,0.5,2.0,-1.5,1.0,-0.24,-0.167,-0.483,-0.167,1.414,5,0.67,1.33,-0.66,1.32,0.08,0.031,0.195,0.031,1.966,19,1.26,1.37,-0.11,0.051,0.023,4.3100000000000005,1.3,0.043,0.02,6.750000000000001,2.5300000000000002,-0.07,Stable
47,Rogers,AVL,MID,1.17,-0.003,3.75,2.58,0.536,5.159,0.536,1.284,1,6.5,1.0,5.5,4.33,3.16,0.703,6.326,0.703,1.038,1,7.33,1.33,6.0,4.45,3.28,0.801,8.793,0.801,0.919,2,4.32,4.58,-0.26,0.051,0.231,4.3100000000000005,1.3,0.129,0.32,6.750000000000001,2.5300000000000002,-0.7,Falling
48,Tielemans,AVL,MID,1.17,0.377,2.25,1.08,0.991,0.0,0.991,0.484,1,2.0,2.5,-0.5,2.17,1.0,1.11,0.0,1.11,0.414,1,2.0,2.33,-0.33,1.79,0.62,0.332,1.46,0.332,1.043,8,1.68,1.89,-0.21,0.026,0.308,4.3100000000000005,1.3,0.022,0.221,6.750000000000001,2.5300000000000002,0.46,Stable
55,Barkley,AVL,MID,1.17,0.631,4.0,2.83,0.853,0.0,0.853,0.829,1,1.0,7.0,-6.0,3.17,2.0,0.673,0.0,0.673,0.937,2,1.33,5.0,-3.67,1.47,0.3,0.118,0.612,0.118,1.739,17,1.0,1.95,-0.95,0.179,0.115,4.3100000000000005,1.3,0.123,0.063,6.750000000000001,2.5300000000000002,2.53,Rising
64,Watkins,AVL,FWD,1.28,0.185,9.5,8.22,1.533,0.0,1.533,0.564,1,8.0,11.0,-3.0,9.33,8.05,1.35,0.0,1.35,0.639,1,10.67,8.0,2.67,4.39,3.11,0.713,6.601,0.713,0.993,2,4.26,4.53,-0.27,0.677,0.031,4.3100000000000005,1.3,0.671,0.047,6.750000000000001,2.5300000000000002,5.11,Rising
67,Petrović,BOU,GKP,0.75,-0.759,4.5,3.75,2.501,0.0,2.501,0.333,0,4.5,4.5,0.0,3.33,2.59,1.258,0.0,1.258,0.616,0,3.33,3.33,0.0,3.26,2.51,0.994,0.0,0.994,0.776,1,3.37,3.16,0.21,0.0,0.0,4.699999999999999,2.72,0.0,0.0,8.69,5.54,1.24,Rising
72,Senesi,BOU,DEF,1.24,-0.605,7.0,5.76,1.258,0.0,1.258,0.655,0,9.0,5.0,4.0,5.67,4.43,1.047,0.0,1.047,0.746,0,7.33,4.0,3.33,4.61,3.37,0.955,7.779,0.955,0.766,1,4.89,4.32,0.57,0.0,0.074,4.699999999999999,2.72,0.015,0.11,8.69,5.54,2.39,Rising
73,Smith,BOU,DEF,1.24,-0.065,4.75,3.51,0.835,0.0,0.835,0.885,1,3.0,6.5,-3.5,3.17,1.93,0.471,0.0,0.471,1.295,3,2.0,4.33,-2.33,1.53,0.29,0.111,0.601,0.111,1.712,12,1.11,1.95,-0.84,0.0,0.011,4.699999999999999,2.72,0.0,0.005,8.69,5.54,3.22,Rising
74,Truffert,BOU,DEF,1.24,-0.821,6.5,5.26,2.919,0.0,2.919,0.277,0,5.5,7.5,-2.0,6.5,5.26,2.105,0.0,2.105,0.385,0,4.67,8.33,-3.66,4.34,3.11,1.014,6.249,1.014,0.705,3,4.42,4.26,0.16,0.079,0.165,4.699999999999999,2.72,0.106,0.112,8.69,5.54,2.16,Rising
77,Hill,BOU,DEF,1.24,-0.016,5.0,3.76,1.11,0.0,1.11,0.678,1,5.5,4.5,1.0,4.17,2.93,0.936,0.0,0.936,0.752,1,4.0,4.33,-0.33,2.89,1.66,0.555,2.807,0.555,1.033,11,2.68,3.11,-0.43,0.021,0.022,4.699999999999999,2.72,0.025,0.018,8.69,5.54,2.11,Rising
82,Semenyo,MCI,MID,1.17,0.007,4.75,3.58,1.181,0.0,1.181,0.638,1,6.0,1.0,5.0,4.0,2.83,1.045,0.0,1.045,0.677,1,6.0,2.0,4.0,5.32,4.15,0.973,8.462,0.973,0.802,3,6.42,4.21,2.21,0.427,0.487,1.0299999999999998,0.78,0.466,0.389,1.78,1.85,-0.57,Falling
83,O.Dango,BRE,MID,1.17,0.27,6.0,4.83,0.875,0.0,0.875,0.92,1,10.5,1.5,9.0,4.67,3.5,0.71,0.0,0.71,1.055,1,8.0,1.33,6.67,3.58,2.41,0.592,4.828,0.592,1.137,7,4.37,2.79,1.58,0.301,0.08,5.180000000000001,2.99,0.306,0.097,8.040000000000001,5.36,2.42,Rising
84,Tavernier,BOU,MID,1.17,0.069,4.25,3.08,0.921,0.0,0.921,0.787,0,2.5,6.0,-3.5,4.33,3.16,1.023,0.0,1.023,0.713,0,2.33,6.33,-4.0,3.61,2.44,0.753,4.9,0.753,0.897,5,3.68,3.53,0.15,0.128,0.287,4.699999999999999,2.72,0.212,0.247,8.69,5.54,0.64,Rising
85,Adams,BOU,MID,1.17,0.505,2.75,1.58,1.45,0.0,1.45,0.396,1,3.0,2.5,0.5,2.67,1.5,1.2,0.0,1.2,0.468,1,3.33,2.0,1.33,2.03,0.86,0.38,1.795,0.38,1.112,13,1.68,2.37,-0.69,0.004,0.044,4.699999999999999,2.72,0.002,0.047,8.69,5.54,0.72,Rising
90,Scott,BOU,MID,1.17,-0.089,2.75,1.58,0.964,0.0,0.964,0.596,1,3.5,2.0,1.5,2.67,1.5,0.936,2.993,0.936,0.599,1,3.67,1.67,2.0,3.58,2.41,0.889,5.11,0.889,0.757,2,3.37,3.79,-0.42,0.009,0.118,4.699999999999999,2.72,0.009,0.209,8.69,5.54,-0.83,Falling
97,Evanilson,BOU,FWD,1.28,0.234,2.5,1.22,0.811,0.0,0.811,0.6,1,3.5,1.5,2.0,2.67,1.38,0.814,0.0,0.814,0.637,1,2.67,2.67,0.0,3.03,1.74,0.795,4.194,0.795,0.725,3,3.42,2.63,0.79,0.23,0.081,4.699999999999999,2.72,0.266,0.056,8.69,5.54,-0.53,Falling
100,Kroupi.Jr,BOU,FWD,1.28,0.125,4.5,3.22,1.238,0.0,1.238,0.577,0,7.0,2.0,5.0,4.67,3.38,1.231,0.0,1.231,0.589,0,7.33,2.0,5.33,2.97,1.69,0.595,3.587,0.595,0.956,5,3.0,2.95,0.05,0.309,0.092,4.699999999999999,2.72,0.207,0.094,8.69,5.54,1.53,Rising
101,Kelleher,BRE,GKP,0.75,-0.715,4.75,4.0,1.678,0.0,1.678,0.502,0,5.0,4.5,0.5,4.5,3.75,1.637,0.0,1.637,0.509,0,5.33,3.67,1.66,3.76,3.01,0.91,0.0,0.91,0.88,1,3.89,3.63,0.26,0.0,0.0,5.180000000000001,2.99,0.0,0.0,8.040000000000001,5.36,0.99,Rising
106,Collins,BRE,DEF,1.24,-0.472,3.25,2.01,1.128,0.0,1.128,0.549,1,4.5,2.0,2.5,3.5,2.26,1.196,0.0,1.196,0.541,1,5.0,2.0,3.0,3.39,2.16,0.654,4.325,0.654,0.971,7,3.89,2.89,1.0,0.019,0.114,5.180000000000001,2.99,0.047,0.073,8.040000000000001,5.36,-0.14,Stable
107,Lewis-Potter,BRE,DEF,1.24,-0.341,4.5,3.26,0.797,0.0,0.797,0.909,2,6.0,3.0,3.0,4.17,2.93,0.798,0.0,0.798,0.881,2,6.0,2.33,3.67,3.03,1.79,0.447,4.133,0.447,1.323,7,3.21,2.84,0.37,0.068,0.127,5.180000000000001,2.99,0.098,0.127,8.040000000000001,5.36,1.47,Rising
110,Kayode,BRE,DEF,1.24,-0.698,2.0,0.76,0.408,1.526,0.408,0.935,2,2.5,1.5,1.0,2.83,1.6,0.571,3.387,0.571,0.986,2,4.33,1.33,3.0,2.97,1.74,0.623,2.953,0.623,0.937,2,3.74,2.21,1.53,0.0,0.047,5.180000000000001,2.99,0.07,0.041,8.040000000000001,5.36,-0.97,Falling
119,Mbeumo,MUN,MID,1.17,0.099,4.75,3.58,1.07,0.0,1.07,0.704,1,4.5,5.0,-0.5,4.17,3.0,1.05,0.0,1.05,0.685,1,4.0,4.33,-0.33,3.89,2.72,0.747,5.449,0.747,0.937,5,4.05,3.74,0.31,0.648,0.092,6.079999999999999,5.02,0.562,0.083,7.01,6.38,0.86,Rising
120,Schade,BRE,MID,1.17,0.095,3.25,2.08,0.913,0.0,0.913,0.701,1,2.0,4.5,-2.5,3.0,1.83,0.956,0.0,0.956,0.638,1,2.33,3.67,-1.34,3.29,2.12,0.581,2.515,0.581,1.109,4,4.16,2.42,1.74,0.216,0.0,5.180000000000001,2.99,0.159,0.034,8.040000000000001,5.36,-0.04,Stable
121,Damsgaard,BRE,MID,1.17,0.412,4.5,3.33,0.853,0.0,0.853,0.868,1,6.5,2.5,4.0,4.17,3.0,0.898,0.0,0.898,0.801,1,6.0,2.33,3.67,2.97,1.8,0.533,3.764,0.533,1.138,5,2.74,3.21,-0.47,0.091,0.278,5.180000000000001,2.99,0.093,0.243,8.040000000000001,5.36,1.53,Rising
126,Jensen,BRE,MID,1.17,0.139,2.75,1.58,1.905,0.0,1.905,0.302,0,2.5,3.0,-0.5,4.0,2.83,1.022,0.0,1.022,0.692,0,2.67,5.33,-2.66,2.58,1.41,0.684,3.78,0.684,0.799,4,2.05,3.11,-1.06,0.015,0.301,5.180000000000001,2.99,0.017,0.341,8.040000000000001,5.36,0.17,Stable
129,Yarmoliuk,BRE,MID,1.17,-0.066,3.25,2.08,0.706,0.0,0.706,0.907,1,5.5,1.0,4.5,3.33,2.16,0.891,0.0,0.891,0.728,1,4.67,2.0,2.67,2.74,1.57,0.79,4.204,0.79,0.724,4,3.47,2.0,1.47,0.006,0.03,5.180000000000001,2.99,0.004,0.024,8.040000000000001,5.36,0.51,Rising
136,Thiago,BRE,FWD,1.28,0.012,3.0,1.72,0.991,0.0,0.991,0.577,0,4.0,2.0,2.0,2.5,1.22,0.757,0.0,0.757,0.643,1,3.33,1.67,1.66,4.76,3.48,0.827,0.0,0.827,0.883,1,5.53,4.0,1.53,0.284,0.023,5.180000000000001,2.99,0.205,0.021,8.040000000000001,5.36,-1.76,Falling
139,Verbruggen,BHA,GKP,0.75,-0.722,3.0,2.25,1.3,0.0,1.3,0.577,0,4.0,2.0,2.0,3.33,2.59,1.371,0.0,1.371,0.566,0,4.67,2.0,2.67,3.42,2.67,1.027,0.0,1.027,0.761,0,3.79,3.05,0.74,0.0,0.0,4.72,4.9,0.0,0.002,6.91,6.48,-0.42,Stable
145,De Cuyper,BHA,DEF,1.24,-0.294,4.5,3.26,0.535,6.526,0.535,1.356,1,7.5,1.5,6.0,3.83,2.6,0.505,5.508,0.505,1.342,1,6.33,1.33,5.0,2.21,0.97,0.266,1.949,0.266,1.658,8,2.58,1.84,0.74,0.023,0.373,4.72,4.9,0.016,0.298,6.91,6.48,2.29,Rising
146,Dunk,BHA,DEF,1.24,-0.396,4.5,3.26,0.593,0.0,0.593,1.222,1,7.5,1.5,6.0,3.0,1.76,0.355,3.526,0.355,1.656,3,5.0,1.0,4.0,2.63,1.39,0.456,2.79,0.456,1.161,5,2.79,2.47,0.32,0.112,0.01,4.72,4.9,0.077,0.008,6.91,6.48,1.87,Rising
148,F.Kadıoğlu,BHA,DEF,1.24,-0.606,2.5,1.26,0.613,0.0,0.613,0.825,1,3.5,1.5,2.0,4.33,3.1,0.609,0.0,0.609,1.174,1,7.33,1.33,6.0,3.11,1.87,0.585,3.062,0.585,1.028,3,3.21,3.0,0.21,0.013,0.159,4.72,4.9,0.067,0.136,6.91,6.48,-0.61,Falling
151,Van Hecke,BHA,DEF,1.24,-0.191,2.75,1.51,0.788,0.0,0.788,0.698,1,3.5,2.0,1.5,3.83,2.6,1.184,0.0,1.184,0.572,1,4.33,3.33,1.0,3.89,2.66,0.897,5.638,0.897,0.761,2,3.74,4.05,-0.31,0.199,0.045,4.72,4.9,0.164,0.046,6.91,6.48,-1.14,Falling
160,Minteh,BHA,MID,1.17,0.029,3.75,2.58,0.829,0.0,0.829,0.83,1,5.0,2.5,2.5,3.17,2.0,0.747,0.0,0.747,0.844,1,4.0,2.33,1.67,3.08,1.91,0.672,4.135,0.672,0.923,10,3.32,2.84,0.48,0.114,0.116,4.72,4.9,0.081,0.148,6.91,6.48,0.67,Rising
163,Hinshelwood,BHA,MID,1.17,0.327,5.0,3.83,1.502,0.0,1.502,0.51,0,5.0,5.0,0.0,5.0,3.83,1.414,0.0,1.414,0.542,0,6.0,4.0,2.0,2.39,1.22,0.474,2.598,0.474,1.078,8,2.84,1.95,0.89,0.254,0.084,4.72,4.9,0.329,0.071,6.91,6.48,2.61,Rising
167,Baleba,BHA,MID,1.17,0.255,2.75,1.58,1.068,0.0,1.068,0.538,1,3.0,2.5,0.5,2.33,1.16,0.728,2.326,0.728,0.685,1,3.0,1.67,1.33,1.47,0.3,0.221,0.607,0.221,0.931,6,1.95,1.0,0.95,0.047,0.022,4.72,4.9,0.032,0.068,6.91,6.48,1.28,Rising
178,Welbeck,BHA,FWD,1.28,0.075,2.5,1.22,0.811,0.0,0.811,0.6,1,1.5,3.5,-2.0,3.0,1.72,0.941,0.0,0.941,0.609,1,3.0,3.0,0.0,3.32,2.03,0.592,5.81,0.592,1.036,3,3.68,2.95,0.73,0.121,0.016,4.72,4.9,0.148,0.014,6.91,6.48,-0.82,Falling
183,Weiss,BUR,GKP,0.75,0.883,1.75,1.0,0.919,0.0,0.919,0.623,1,2.5,1.0,1.5,1.17,0.42,0.345,0.0,0.345,1.04,3,1.67,0.67,1.0,0.18,-0.56,-0.877,0.0,-0.877,3.491,35,0.26,0.11,0.15,0.0,0.0,3.0300000000000002,1.9500000000000002,0.0,0.0,3.6100000000000003,2.12,1.57,Rising
187,Walker,BUR,DEF,1.24,-0.547,1.5,0.26,0.526,0.0,0.526,0.333,2,1.5,1.5,0.0,1.17,-0.07,-0.066,-0.074,-0.066,0.915,2,1.67,0.67,1.0,1.84,0.61,0.23,0.93,0.23,1.428,5,2.68,1.0,1.68,0.01,0.118,3.0300000000000002,1.9500000000000002,0.008,0.132,3.6100000000000003,2.12,-0.34,Stable
191,Estève,BUR,DEF,1.24,-0.357,2.0,0.76,0.623,0.0,0.623,0.612,1,1.5,2.5,-1.0,2.33,1.1,0.879,0.0,0.879,0.535,1,2.33,2.33,0.0,2.24,1.0,0.519,1.25,0.519,0.861,5,2.79,1.68,1.11,0.0,0.005,3.0300000000000002,1.9500000000000002,0.017,0.005,3.6100000000000003,2.12,-0.24,Stable
195,Lucas Pires,BUR,DEF,1.24,0.06,1.25,0.01,0.03,0.0,0.03,0.346,3,1.5,1.0,0.5,0.83,-0.4,-0.587,-0.824,-0.587,0.825,5,1.0,0.67,0.33,0.66,-0.58,-0.437,-0.766,-0.437,2.012,16,0.79,0.53,0.26,0.089,0.133,3.0300000000000002,1.9500000000000002,0.075,0.123,3.6100000000000003,2.12,0.59,Rising
198,Tuanzebe,BUR,DEF,1.24,0.328,1.75,0.51,0.471,0.0,0.471,0.623,1,2.5,1.0,1.5,1.17,-0.07,-0.058,0.0,-0.058,1.04,3,1.67,0.67,1.0,0.89,-0.34,-0.177,-0.668,-0.177,2.157,12,1.32,0.47,0.85,0.0,0.005,3.0300000000000002,1.9500000000000002,0.0,0.005,3.6100000000000003,2.12,0.86,Rising
200,Anthony,BUR,MID,1.17,0.202,4.0,2.83,1.334,0.0,1.334,0.53,0,4.5,3.5,1.0,3.33,2.16,1.097,0.0,1.097,0.592,0,3.67,3.0,0.67,3.34,2.17,0.75,6.207,0.75,0.866,3,3.74,2.95,0.79,0.241,0.097,3.0300000000000002,1.9500000000000002,0.222,0.127,3.6100000000000003,2.12,0.66,Rising
207,Hannibal,BUR,MID,1.17,0.604,1.75,0.58,0.302,1.23,0.302,1.097,2,3.0,0.5,2.5,1.17,-0.0,-0.002,-0.007,-0.002,1.519,3,2.0,0.33,1.67,1.55,0.38,0.158,0.778,0.158,1.555,13,1.58,1.53,0.05,0.116,0.385,3.0300000000000002,1.9500000000000002,0.097,0.354,3.6100000000000003,2.12,0.2,Stable
210,Tchaouna,BUR,MID,1.17,0.521,4.25,3.08,2.082,0.0,2.082,0.348,0,4.5,4.0,0.5,3.33,2.16,1.205,0.0,1.205,0.539,1,3.67,3.0,0.67,1.55,0.38,0.247,0.79,0.247,0.999,14,1.63,1.47,0.16,0.099,0.113,3.0300000000000002,1.9500000000000002,0.086,0.108,3.6100000000000003,2.12,2.7,Rising
215,Flemming,BUR,FWD,1.28,0.573,4.25,2.97,0.953,0.0,0.953,0.732,1,7.0,1.5,5.5,4.33,3.05,1.043,0.0,1.043,0.675,1,5.33,3.33,2.0,2.61,1.32,0.429,2.658,0.429,1.183,9,2.0,3.21,-1.21,0.36,0.046,3.0300000000000002,1.9500000000000002,0.424,0.052,3.6100000000000003,2.12,1.64,Rising
220,Sánchez,CHE,GKP,0.75,-0.543,1.25,0.5,0.605,0.0,0.605,0.663,1,1.5,1.0,0.5,1.5,0.75,0.984,0.0,0.984,0.509,1,1.67,1.33,0.34,2.97,2.23,0.813,1.713,0.813,0.921,1,3.37,2.58,0.79,0.0,0.0,3.2800000000000002,2.5100000000000002,0.0,0.0,4.1899999999999995,3.5,-1.72,Falling
224,Cucurella,CHE,DEF,1.24,-0.479,1.75,0.51,0.395,0.0,0.395,0.742,3,2.5,1.0,1.5,1.67,0.43,0.389,0.0,0.389,0.663,3,2.33,1.0,1.33,2.74,1.5,0.533,1.629,0.533,1.029,4,3.11,2.37,0.74,0.024,0.064,3.2800000000000002,2.5100000000000002,0.019,0.06,4.1899999999999995,3.5,-0.99,Falling
228,Gusto,CHE,DEF,1.24,-0.393,0.25,-0.99,-0.906,-2.093,-0.906,4.359,2,0.0,0.5,-0.5,0.67,-0.57,-0.516,-0.806,-0.516,1.658,2,0.67,0.67,0.0,2.53,1.29,0.334,1.962,0.334,1.527,3,3.16,1.89,1.27,0.03,0.271,3.2800000000000002,2.5100000000000002,0.024,0.309,4.1899999999999995,3.5,-2.28,Falling
230,Fofana,CHE,DEF,1.24,-0.009,1.25,0.01,0.005,0.013,0.005,2.069,1,1.0,1.5,-0.5,1.17,-0.07,-0.032,-0.074,-0.032,1.879,2,1.33,1.0,0.33,1.71,0.47,0.189,0.697,0.189,1.463,9,1.89,1.53,0.36,0.0,0.0,3.2800000000000002,2.5100000000000002,0.029,0.006,4.1899999999999995,3.5,-0.46,Stable
235,Palmer,CHE,MID,1.17,0.266,3.0,1.83,0.61,0.0,0.61,1.0,1,1.0,5.0,-4.0,2.33,1.16,0.433,0.0,0.433,1.152,2,1.33,3.33,-2.0,3.0,1.83,0.44,4.085,0.44,1.387,11,2.84,3.16,-0.32,0.409,0.139,3.2800000000000002,2.5100000000000002,0.401,0.111,4.1899999999999995,3.5,0.0,Stable
237,Enzo,CHE,MID,1.17,-0.099,6.0,4.83,0.996,0.0,0.996,0.808,1,7.5,4.5,3.0,4.67,3.5,0.797,0.0,0.797,0.939,1,5.67,3.67,2.0,4.13,2.96,0.799,6.839,0.799,0.897,2,4.37,3.89,0.48,0.152,0.343,3.2800000000000002,2.5100000000000002,0.208,0.366,4.1899999999999995,3.5,1.87,Rising
241,Caicedo,CHE,MID,1.17,0.052,2.0,0.83,1.173,0.0,1.173,0.354,1,2.5,1.5,1.0,2.0,0.83,1.437,0.0,1.437,0.289,1,2.33,1.67,0.66,2.89,1.72,0.593,2.0,0.593,1.005,5,2.53,3.26,-0.73,0.012,0.12,3.2800000000000002,2.5100000000000002,0.029,0.094,4.1899999999999995,3.5,-0.89,Falling
242,Dewsbury-Hall,EVE,MID,1.17,0.121,2.75,1.58,1.216,0.0,1.216,0.472,0,2.0,3.5,-1.5,4.17,3.0,1.281,0.0,1.281,0.561,0,3.33,5.0,-1.67,3.97,2.8,0.664,5.828,0.664,1.062,8,3.58,4.37,-0.79,0.126,0.19,4.3,3.0000000000000004,0.119,0.297,5.37,4.28,-1.22,Falling
249,João Pedro,CHE,FWD,1.28,-0.054,2.75,1.47,0.471,2.934,0.471,1.132,2,4.0,1.5,2.5,1.83,0.55,0.193,1.271,0.193,1.556,2,2.67,1.0,1.67,4.66,3.38,0.75,7.16,0.75,0.966,2,4.37,4.95,-0.58,0.372,0.028,3.2800000000000002,2.5100000000000002,0.291,0.02,4.1899999999999995,3.5,-1.91,Falling
253,Henderson,CRY,GKP,0.75,-0.701,1.25,0.5,0.605,0.0,0.605,0.663,1,2.0,0.5,1.5,1.17,0.42,0.466,0.0,0.466,0.769,1,2.0,0.75,1.25,3.45,2.7,0.839,0.0,0.839,0.933,1,3.89,3.0,0.89,0.0,0.0,3.5100000000000002,2.12,0.0,0.004,5.359999999999999,2.7,-2.2,Falling
256,Muñoz,CRY,DEF,1.24,-0.052,2.5,1.26,0.613,0.0,0.613,0.825,1,1.5,3.5,-2.0,2.67,1.43,0.589,3.033,0.589,0.91,1,1.5,3.25,-1.75,3.58,2.34,0.606,4.759,0.606,1.08,9,3.16,4.0,-0.84,0.031,0.255,3.5100000000000002,2.12,0.035,0.2,5.359999999999999,2.7,-1.08,Falling
257,Lacroix,CRY,DEF,1.24,-0.577,1.5,0.26,0.235,0.526,0.235,0.745,1,0.5,2.5,-2.0,1.83,0.6,0.559,1.193,0.559,0.582,1,0.5,2.5,-2.0,4.05,2.82,0.839,5.973,0.839,0.828,2,3.89,4.21,-0.32,0.026,0.028,3.5100000000000002,2.12,0.058,0.026,5.359999999999999,2.7,-2.55,Falling
258,Mitchell,CRY,DEF,1.24,-0.746,2.0,0.76,0.623,0.0,0.623,0.612,2,2.5,1.5,1.0,1.5,0.26,0.209,0.608,0.209,0.839,2,2.5,1.0,1.5,3.55,2.32,0.768,5.644,0.768,0.849,2,4.11,3.0,1.11,0.134,0.09,3.5100000000000002,2.12,0.088,0.096,5.359999999999999,2.7,-1.55,Falling
260,Guéhi,MCI,DEF,1.24,-0.464,4.25,3.01,0.863,0.0,0.863,0.821,1,5.0,2.0,3.0,4.67,3.43,1.129,0.0,1.129,0.651,1,5.0,4.33,0.67,4.71,3.47,0.88,6.947,0.88,0.838,2,3.79,5.63,-1.84,0.146,0.115,1.0299999999999998,0.78,0.118,0.114,1.78,1.85,-0.46,Stable
266,Eze,ARS,MID,1.17,0.115,2.5,1.33,1.535,0.0,1.535,0.346,1,3.0,2.0,1.0,3.0,1.83,1.198,0.0,1.198,0.509,1,4.0,2.0,2.0,2.97,1.8,0.45,3.826,0.45,1.346,14,3.63,2.32,1.31,0.291,0.04,3.61,3.75,0.332,0.083,3.92,4.2,-0.47,Stable
267,Sarr,CRY,MID,1.17,0.168,4.0,2.83,0.943,0.0,0.943,0.75,1,4.0,4.0,0.0,3.67,2.5,0.908,0.0,0.908,0.75,1,4.0,3.5,0.5,3.08,1.91,0.547,3.943,0.547,1.133,6,2.58,3.58,-1.0,0.521,0.061,3.5100000000000002,2.12,0.539,0.144,5.359999999999999,2.7,0.92,Rising
271,Kamada,CRY,MID,1.17,0.29,1.75,0.58,0.392,1.159,0.392,0.845,1,1.5,2.0,-0.5,2.0,0.83,0.543,1.76,0.543,0.764,1,1.5,2.25,-0.75,1.76,0.59,0.357,1.192,0.357,0.942,10,1.68,1.84,-0.16,0.063,0.41,3.5100000000000002,2.12,0.041,0.367,5.359999999999999,2.7,-0.01,Stable
287,Pickford,EVE,GKP,0.75,-0.729,1.75,1.0,1.208,0.0,1.208,0.474,0,1.0,2.5,-1.5,1.5,0.75,0.984,0.0,0.984,0.509,0,1.0,2.0,-1.0,3.55,2.8,0.836,0.0,0.836,0.944,1,3.58,3.53,0.05,0.0,0.013,4.3,3.0000000000000004,0.0,0.012,5.37,4.28,-1.8,Falling
291,Tarkowski,EVE,DEF,1.24,-0.499,5.25,4.01,0.697,0.0,0.697,1.097,1,1.5,9.0,-7.5,4.17,2.93,0.588,5.86,0.588,1.195,1,1.33,7.0,-5.67,4.47,3.24,0.877,7.475,0.877,0.825,2,4.21,4.74,-0.53,0.074,0.19,4.3,3.0000000000000004,0.084,0.182,5.37,4.28,0.78,Rising
292,Mykolenko,EVE,DEF,1.24,-0.477,1.0,-0.24,-0.335,-0.502,-0.335,0.707,3,1.0,1.0,0.0,1.33,0.1,0.102,0.223,0.102,0.707,4,1.67,1.0,0.67,2.5,1.26,0.514,2.619,0.514,0.983,6,2.26,2.74,-0.48,0.0,0.04,4.3,3.0000000000000004,0.0,0.035,5.37,4.28,-1.5,Falling
293,O'Brien,EVE,DEF,1.24,-0.608,2.0,0.76,0.325,1.619,0.325,1.173,3,3.0,1.0,2.0,1.67,0.43,0.218,1.075,0.218,1.183,3,2.33,1.0,1.33,3.05,1.82,0.671,2.304,0.671,0.886,3,2.84,3.26,-0.42,0.17,0.013,4.3,3.0000000000000004,0.136,0.035,5.37,4.28,-1.05,Falling
295,Keane,EVE,DEF,1.24,-0.32,2.75,1.51,1.165,0.0,1.165,0.472,1,3.0,2.5,0.5,2.17,0.93,0.692,0.0,0.692,0.62,2,2.33,2.0,0.33,3.45,2.21,0.616,4.566,0.616,1.041,3,4.42,2.47,1.95,0.077,0.093,4.3,3.0000000000000004,0.061,0.068,5.37,4.28,-0.7,Falling
299,Ndiaye,EVE,MID,1.17,-0.037,2.0,0.83,0.0,0.0,0.0,0.0,0,2.0,2.0,0.0,2.33,1.16,1.56,0.0,1.56,0.319,0,2.67,2.0,0.67,3.37,2.2,0.792,0.0,0.792,0.824,6,3.89,2.84,1.05,0.316,0.043,4.3,3.0000000000000004,0.302,0.04,5.37,4.28,-1.37,Falling
303,Garner,EVE,MID,1.17,-0.427,2.75,1.58,0.885,0.0,0.885,0.649,2,3.0,2.5,0.5,2.83,1.66,1.137,0.0,1.137,0.516,2,3.0,2.67,0.33,4.18,3.01,1.056,0.0,1.056,0.682,2,4.05,4.32,-0.27,0.026,0.34,4.3,3.0000000000000004,0.024,0.273,5.37,4.28,-1.43,Falling
304,Iroegbunam,EVE,MID,1.17,0.215,2.25,1.08,0.991,0.0,0.991,0.484,1,1.5,3.0,-1.5,1.67,0.5,0.398,1.053,0.398,0.748,2,1.0,2.33,-1.33,1.79,0.62,0.351,1.244,0.351,0.986,5,1.89,1.68,0.21,0.009,0.027,4.3,3.0000000000000004,0.024,0.023,5.37,4.28,0.46,Stable
311,Beto,EVE,FWD,1.28,0.21,3.0,1.72,0.589,0.0,0.589,0.972,1,1.5,4.5,-3.0,3.5,2.22,0.617,4.703,0.617,1.027,2,4.0,3.0,1.0,2.74,1.45,0.436,4.155,0.436,1.22,8,2.58,2.89,-0.31,0.163,0.003,4.3,3.0000000000000004,0.218,0.002,5.37,4.28,0.26,Stable
314,Leno,FUL,GKP,0.75,-0.723,3.5,2.75,1.835,0.0,1.835,0.429,0,4.5,2.5,2.0,5.17,4.42,1.582,0.0,1.582,0.541,0,5.33,5.0,0.33,3.21,2.46,1.037,4.925,1.037,0.74,1,3.47,2.95,0.52,0.0,0.018,2.45,1.1400000000000001,0.0,0.012,3.04,1.6300000000000001,0.29,Stable
316,Robinson,FUL,DEF,1.24,0.101,5.0,3.76,0.831,0.0,0.831,0.906,2,3.5,6.5,-3.0,3.67,2.43,0.586,0.0,0.586,1.132,4,2.67,4.67,-2.0,1.71,0.47,0.169,0.957,0.169,1.642,15,1.32,2.11,-0.79,0.347,0.211,2.45,1.1400000000000001,0.28,0.153,3.04,1.6300000000000001,3.29,Rising
318,Bassey,FUL,DEF,1.24,-0.185,2.75,1.51,0.788,0.0,0.788,0.698,1,4.0,1.5,2.5,3.83,2.6,1.184,0.0,1.184,0.572,1,4.67,3.0,1.67,2.71,1.47,0.506,2.951,0.506,1.074,10,2.84,2.58,0.26,0.0,0.061,2.45,1.1400000000000001,0.023,0.049,3.04,1.6300000000000001,0.04,Stable
319,Castagne,FUL,DEF,1.24,0.017,4.0,2.76,1.009,0.0,1.009,0.685,1,5.0,3.0,2.0,4.67,3.43,1.375,0.0,1.375,0.535,1,5.0,4.33,0.67,1.61,0.37,0.195,0.757,0.195,1.175,8,1.84,1.37,0.47,0.118,0.465,2.45,1.1400000000000001,0.095,0.417,3.04,1.6300000000000001,2.39,Rising
325,Smith Rowe,FUL,MID,1.17,0.428,2.0,0.83,1.173,0.0,1.173,0.354,1,2.0,2.0,0.0,2.33,1.16,1.56,0.0,1.56,0.319,1,2.33,2.33,0.0,2.11,0.94,0.541,4.187,0.541,0.821,11,2.37,1.84,0.53,0.102,0.035,2.45,1.1400000000000001,0.095,0.061,3.04,1.6300000000000001,-0.11,Stable
332,Lukić,FUL,MID,1.17,0.167,1.75,0.58,0.302,1.23,0.302,1.097,2,0.5,3.0,-2.5,2.5,1.33,0.6,2.821,0.6,0.887,2,2.33,2.67,-0.34,1.76,0.59,0.27,1.187,0.27,1.244,10,1.42,2.11,-0.69,0.016,0.193,2.45,1.1400000000000001,0.135,0.288,3.04,1.6300000000000001,-0.01,Stable
338,Muniz,FUL,FWD,1.28,0.231,1.5,0.22,0.434,0.0,0.434,0.333,2,1.5,1.5,0.0,1.5,0.22,0.434,0.0,0.434,0.333,3,1.33,1.67,-0.34,0.95,-0.34,-0.237,-0.685,-0.237,1.492,25,0.89,1.0,-0.11,0.416,0.018,2.45,1.1400000000000001,0.372,0.018,3.04,1.6300000000000001,0.55,Rising
341,Darlow,LEE,GKP,0.75,-0.005,4.25,3.5,0.899,0.0,0.899,0.917,0,6.5,2.0,4.5,4.17,3.42,1.009,0.0,1.009,0.813,0,6.33,2.0,4.33,1.87,1.12,0.465,0.0,0.465,1.289,13,2.26,1.47,0.79,0.0,0.008,3.2,1.22,0.0,0.006,5.67,1.7000000000000002,2.38,Rising
343,Struijk,LEE,DEF,1.24,-0.411,0.75,-0.49,-1.124,-1.124,-1.124,0.577,4,0.5,1.0,-0.5,2.17,0.93,0.397,2.147,0.397,1.08,4,2.67,1.67,1.0,2.84,1.61,0.635,3.3,0.635,0.89,6,3.21,2.47,0.74,0.028,0.033,3.2,1.22,0.046,0.024,5.67,1.7000000000000002,-2.09,Falling
344,Bijol,LEE,DEF,1.24,0.057,4.75,3.51,1.412,0.0,1.412,0.524,1,6.5,3.0,3.5,4.83,3.6,1.701,0.0,1.701,0.438,1,6.33,3.33,3.0,2.61,1.37,0.434,2.903,0.434,1.209,8,3.05,2.16,0.89,0.0,0.098,3.2,1.22,0.011,0.071,5.67,1.7000000000000002,2.14,Rising
348,Rodon,LEE,DEF,1.24,-0.338,2.25,1.01,0.468,0.0,0.468,0.962,2,3.5,1.0,2.5,1.67,0.43,0.218,1.075,0.218,1.183,4,2.67,0.67,2.0,2.87,1.63,0.58,3.52,0.58,0.98,5,3.84,1.89,1.95,0.056,0.066,3.2,1.22,0.035,0.094,5.67,1.7000000000000002,-0.62,Falling
350,Aaronson,LEE,MID,1.17,0.24,1.25,0.08,0.184,0.0,0.184,0.346,2,1.0,1.5,-0.5,2.0,0.83,0.587,0.0,0.587,0.707,2,2.33,1.67,0.66,3.32,2.15,0.763,7.152,0.763,0.848,3,3.32,3.32,0.0,0.088,0.377,3.2,1.22,0.055,0.329,5.67,1.7000000000000002,-2.07,Falling
354,Ampadu,LEE,MID,1.17,-0.213,4.25,3.08,0.901,0.0,0.901,0.804,1,2.0,6.5,-4.5,4.83,3.66,1.081,0.0,1.081,0.701,1,2.33,7.33,-5.0,3.53,2.36,0.898,4.712,0.898,0.744,2,3.26,3.79,-0.53,0.028,0.074,3.2,1.22,0.106,0.076,5.67,1.7000000000000002,0.72,Rising
358,Tanaka,LEE,MID,1.17,0.347,4.0,2.83,1.513,0.0,1.513,0.468,1,3.5,4.5,-1.0,3.5,2.33,1.364,0.0,1.364,0.488,1,3.33,3.67,-0.34,1.76,0.59,0.296,1.203,0.296,1.138,15,2.05,1.47,0.58,0.044,0.074,3.2,1.22,0.03,0.159,5.67,1.7000000000000002,2.24,Rising
373,Virgil,LIV,DEF,1.24,-0.299,4.75,3.51,0.656,0.0,0.656,1.128,1,2.0,7.5,-5.5,5.17,3.93,0.862,0.0,0.862,0.883,1,2.67,7.67,-5.0,4.61,3.37,0.904,9.038,0.904,0.809,1,4.0,5.21,-1.21,0.163,0.089,4.65,2.47,0.178,0.067,5.569999999999999,3.45,0.14,Stable
374,Konaté,LIV,DEF,1.24,-0.621,1.0,-0.24,-0.335,-0.502,-0.335,0.707,2,1.5,0.5,1.0,2.0,0.76,0.5,1.619,0.5,0.764,2,2.33,1.67,0.66,3.39,2.16,0.685,4.457,0.685,0.928,2,3.79,3.0,0.79,0.03,0.02,4.65,2.47,0.025,0.017,5.569999999999999,3.45,-2.39,Falling
384,Gakpo,LIV,MID,1.17,0.153,3.0,1.83,1.056,0.0,1.056,0.577,0,2.0,4.0,-2.0,3.17,2.0,1.192,0.0,1.192,0.529,0,2.0,4.33,-2.33,3.45,2.28,0.809,5.041,0.809,0.817,4,2.95,3.95,-1.0,0.273,0.028,4.65,2.47,0.293,0.104,5.569999999999999,3.45,-0.45,Stable
386,Mac Allister,LIV,MID,1.17,-0.052,2.0,0.83,0.677,0.0,0.677,0.612,1,1.0,3.0,-2.0,3.67,2.5,0.58,0.0,0.58,1.175,1,5.0,2.33,2.67,2.84,1.67,0.55,6.702,0.55,1.069,3,3.42,2.26,1.16,0.103,0.117,4.65,2.47,0.092,0.096,5.569999999999999,3.45,-0.84,Falling
387,Szoboszlai,LIV,MID,1.17,0.377,6.5,5.33,1.13,0.0,1.13,0.726,0,2.0,11.0,-9.0,5.33,4.16,0.958,0.0,0.958,0.815,1,1.67,9.0,-7.33,4.21,3.04,0.822,6.28,0.822,0.879,2,3.68,4.74,-1.06,0.161,0.498,4.65,2.47,0.165,0.464,5.569999999999999,3.45,2.29,Rising
388,C.Jones,LIV,MID,1.17,0.137,3.75,2.58,0.71,0.0,0.71,0.968,1,6.0,1.5,4.5,4.33,3.16,0.989,0.0,0.989,0.738,1,6.33,2.33,4.0,2.13,0.96,0.457,2.22,0.457,0.987,5,2.58,1.68,0.9,0.155,0.077,4.65,2.47,0.129,0.116,5.569999999999999,3.45,1.62,Rising
390,Gravenberch,LIV,MID,1.17,-0.009,4.0,2.83,0.817,0.0,0.817,0.866,0,6.0,2.0,4.0,3.17,2.0,0.649,0.0,0.649,0.972,1,4.33,2.0,2.33,3.79,2.62,0.786,5.293,0.786,0.88,1,4.68,2.89,1.79,0.049,0.065,4.65,2.47,0.047,0.058,5.569999999999999,3.45,0.21,Stable
407,Matheus N.,MCI,DEF,1.24,-0.369,2.0,0.76,0.408,1.526,0.408,0.935,1,2.0,2.0,0.0,2.5,1.26,0.57,2.68,0.57,0.887,1,2.0,3.0,-1.0,4.05,2.82,0.763,5.973,0.763,0.911,2,4.37,3.74,0.63,0.0,0.09,1.0299999999999998,0.78,0.0,0.081,1.78,1.85,-2.05,Falling
416,Bernardo,MCI,MID,1.17,-0.165,2.25,1.08,0.831,0.0,0.831,0.577,2,2.67,1.0,1.67,2.67,1.5,1.004,0.0,1.004,0.559,2,2.67,2.67,0.0,2.68,1.51,0.783,5.478,0.783,0.721,4,2.37,3.0,-0.63,0.427,0.308,1.0299999999999998,0.78,0.416,0.346,1.78,1.85,-0.43,Stable
437,Martinez,MUN,DEF,1.24,-0.114,3.75,2.51,1.01,0.0,1.01,0.663,1,1.5,6.0,-4.5,2.5,1.26,0.469,0.0,0.469,1.077,3,1.0,4.0,-3.0,1.34,0.11,0.04,0.139,0.04,1.973,17,1.58,1.11,0.47,0.015,0.008,6.079999999999999,5.02,0.013,0.006,7.01,6.38,2.41,Rising
442,Maguire,MUN,DEF,1.24,-0.014,5.0,3.76,1.11,0.0,1.11,0.678,1,2.0,8.0,-6.0,4.5,3.26,0.932,6.526,0.932,0.778,1,3.67,5.33,-1.66,2.37,1.13,0.345,2.4,0.345,1.385,10,2.16,2.58,-0.42,0.033,0.022,6.079999999999999,5.02,0.044,0.049,7.01,6.38,2.63,Rising
443,Shaw,MUN,DEF,1.24,-0.694,5.0,3.76,2.173,0.0,2.173,0.346,0,4.0,6.0,-2.0,6.0,4.76,1.8,0.0,1.8,0.441,0,4.33,7.67,-3.34,2.97,1.74,0.687,4.963,0.687,0.85,2,3.16,2.79,0.37,0.02,0.086,6.079999999999999,5.02,0.026,0.067,7.01,6.38,2.03,Rising
449,B.Fernandes,MUN,MID,1.17,0.126,7.75,6.58,1.564,0.0,1.564,0.543,0,7.0,8.5,-1.5,7.0,5.83,1.617,0.0,1.617,0.515,0,6.33,7.67,-1.34,6.18,5.01,1.089,7.928,1.089,0.745,4,6.53,5.84,0.69,0.067,0.412,6.079999999999999,5.02,0.064,0.433,7.01,6.38,1.57,Rising
450,Cunha,MUN,MID,1.17,0.361,4.5,3.33,0.915,0.0,0.915,0.809,1,8.0,1.0,7.0,4.17,3.0,0.827,0.0,0.827,0.87,1,5.33,3.0,2.33,3.76,2.59,0.848,5.218,0.848,0.812,3,3.89,3.63,0.26,0.122,0.125,6.079999999999999,5.02,0.137,0.102,7.01,6.38,0.74,Rising
452,Amad,MUN,MID,1.17,0.455,3.25,2.08,0.913,0.0,0.913,0.701,1,1.5,5.0,-3.5,2.5,1.33,0.621,0.0,0.621,0.856,3,1.33,3.67,-2.34,2.39,1.22,0.546,2.474,0.546,0.936,5,2.16,2.63,-0.47,0.056,0.237,6.079999999999999,5.02,0.12,0.191,7.01,6.38,0.86,Rising
458,Mainoo,MUN,MID,1.17,0.443,5.0,3.83,1.502,0.0,1.502,0.51,0,6.5,3.5,3.0,4.67,3.5,1.638,0.0,1.638,0.457,0,5.67,3.67,2.0,1.92,0.75,0.37,1.508,0.37,1.057,21,2.21,1.63,0.58,0.039,0.018,6.079999999999999,5.02,0.034,0.069,7.01,6.38,3.08,Rising
469,Pope,NEW,GKP,0.75,-0.085,3.0,2.25,3.185,0.0,3.185,0.236,0,3.5,2.5,1.0,2.33,1.59,1.271,0.0,1.271,0.535,1,2.33,2.33,0.0,2.53,1.78,0.743,0.0,0.743,0.947,6,2.53,2.53,0.0,0.0,0.0,4.34,2.8899999999999997,0.0,0.0,6.06,4.140000000000001,0.47,Stable
473,Hall,NEW,DEF,1.24,-0.001,1.25,0.01,0.03,0.0,0.03,0.346,2,1.0,1.5,-0.5,1.0,-0.24,-0.41,-0.592,-0.41,0.577,3,1.0,1.0,0.0,2.08,0.84,0.368,1.691,0.368,1.1,6,1.42,2.74,-1.32,0.037,0.083,4.34,2.8899999999999997,0.026,0.058,6.06,4.140000000000001,-0.83,Falling
475,Botman,NEW,DEF,1.24,0.195,3.75,2.51,5.804,0.0,5.804,0.115,0,4.0,3.5,0.5,3.5,2.26,2.963,0.0,2.963,0.218,0,3.33,3.67,-0.34,2.34,1.11,0.413,2.121,0.413,1.143,9,2.05,2.63,-0.58,0.025,0.128,4.34,2.8899999999999997,0.04,0.118,6.06,4.140000000000001,1.41,Rising
476,Burn,NEW,DEF,1.24,-0.186,2.75,1.51,0.608,0.0,0.608,0.905,2,4.0,1.5,2.5,2.5,1.26,0.59,0.0,0.59,0.856,2,3.0,2.0,1.0,2.45,1.21,0.406,2.446,0.406,1.218,11,2.58,2.32,0.26,0.039,0.01,4.34,2.8899999999999997,0.114,0.01,6.06,4.140000000000001,0.3,Stable
488,Bruno G.,NEW,MID,1.17,0.354,4.25,3.08,1.505,0.0,1.505,0.481,1,5.0,3.5,1.5,3.33,2.16,1.013,0.0,1.013,0.64,1,3.67,3.0,0.67,4.05,2.88,0.727,6.657,0.727,0.979,7,5.58,2.53,3.05,0.124,0.339,4.34,2.8899999999999997,0.127,0.324,6.06,4.140000000000001,0.2,Stable
489,J.Murphy,NEW,MID,1.17,0.26,3.25,2.08,0.727,0.0,0.727,0.88,2,4.5,2.0,2.5,2.5,1.33,0.506,2.821,0.506,1.052,2,3.0,2.0,1.0,2.16,0.99,0.445,2.071,0.445,1.028,7,2.42,1.89,0.53,0.005,0.08,4.34,2.8899999999999997,0.017,0.06,6.06,4.140000000000001,1.09,Rising
491,Tonali,NEW,MID,1.17,0.324,1.0,-0.17,-0.241,-0.361,-0.241,0.707,2,1.0,1.0,0.0,1.33,0.16,0.219,0.346,0.219,0.559,2,1.33,1.33,0.0,2.13,0.96,0.67,2.083,0.67,0.674,4,2.47,1.79,0.68,0.014,0.08,4.34,2.8899999999999997,0.031,0.114,6.06,4.140000000000001,-1.13,Falling
500,Osula,NEW,FWD,1.28,0.513,6.5,5.22,1.106,0.0,1.106,0.726,0,11.0,2.0,9.0,6.17,4.88,1.116,0.0,1.116,0.709,0,10.33,2.0,8.33,2.0,0.72,0.232,1.435,0.232,1.543,19,2.79,1.21,1.58,0.521,0.163,4.34,2.8899999999999997,0.437,0.135,6.06,4.140000000000001,4.5,Rising
502,Sels,NFO,GKP,0.75,-0.23,4.0,3.25,1.387,0.0,1.387,0.586,0,3.0,5.0,-2.0,4.17,3.42,1.419,0.0,1.419,0.578,0,2.67,5.67,-3.0,2.76,2.01,0.804,0.0,0.804,0.907,4,2.21,3.32,-1.11,0.0,0.0,2.53,1.6900000000000002,0.0,0.0,3.24,2.35,1.24,Rising
505,Milenković,NFO,DEF,1.24,-0.775,2.0,0.76,0.623,0.0,0.623,0.612,1,3.0,1.0,2.0,3.5,2.26,0.905,0.0,0.905,0.714,1,3.67,3.33,0.34,3.13,1.89,0.732,5.574,0.732,0.826,3,3.21,3.05,0.16,0.008,0.13,2.53,1.6900000000000002,0.006,0.094,3.24,2.35,-1.13,Falling
508,N.Williams,NFO,DEF,1.24,-0.611,1.5,0.26,0.526,0.0,0.526,0.333,1,2.0,1.0,1.0,2.17,0.93,0.692,0.0,0.692,0.62,1,2.0,2.33,-0.33,3.37,2.13,0.543,2.878,0.543,1.165,5,2.89,3.84,-0.95,0.043,0.071,2.53,1.6900000000000002,0.065,0.153,3.24,2.35,-1.87,Falling
510,Jair Cunha,NFO,DEF,1.24,0.79,1.5,0.26,0.526,0.0,0.526,0.333,1,2.0,1.0,1.0,1.33,0.1,0.205,0.0,0.205,0.354,3,1.67,1.0,0.67,0.34,-0.89,-1.28,-2.374,-1.28,2.042,28,0.26,0.42,-0.16,0.051,0.036,2.53,1.6900000000000002,0.04,0.026,3.24,2.35,1.16,Rising
511,Morato,NFO,DEF,1.24,0.366,4.0,2.76,0.896,0.0,0.896,0.771,1,3.0,5.0,-2.0,3.0,1.76,0.611,0.0,0.611,0.962,3,2.33,3.67,-1.34,1.39,0.16,0.072,0.33,0.072,1.582,9,1.16,1.63,-0.47,0.194,0.041,2.53,1.6900000000000002,0.151,0.03,3.24,2.35,2.61,Rising
517,Anderson,NFO,MID,1.17,-0.049,6.75,5.58,1.06,0.0,1.06,0.78,1,7.0,6.5,0.5,6.33,5.16,1.079,0.0,1.079,0.755,1,5.33,7.33,-2.0,4.74,3.57,1.201,0.0,1.201,0.627,1,4.63,4.84,-0.21,0.055,0.651,2.53,1.6900000000000002,0.114,0.494,3.24,2.35,2.01,Rising
519,Dominguez,NFO,MID,1.17,0.302,1.25,0.08,0.184,0.0,0.184,0.346,2,1.0,1.5,-0.5,1.5,0.33,0.262,0.762,0.262,0.839,3,2.0,1.0,1.0,1.26,0.09,0.051,0.186,0.051,1.438,11,0.95,1.58,-0.63,0.126,0.03,2.53,1.6900000000000002,0.099,0.14,3.24,2.35,-0.01,Stable
526,Igor Jesus,NFO,FWD,1.28,-0.248,2.5,1.22,0.811,0.0,0.811,0.6,1,1.5,3.5,-2.0,5.17,3.88,0.873,0.0,0.873,0.861,1,3.33,7.0,-3.67,3.0,1.72,0.586,6.444,0.586,0.976,9,2.21,3.79,-1.58,0.522,0.024,2.53,1.6900000000000002,0.525,0.043,3.24,2.35,-0.5,Stable
532,Hume,SUN,DEF,1.24,-0.594,4.25,3.01,1.053,0.0,1.053,0.673,1,7.0,1.5,5.5,3.67,2.43,0.677,1.62,0.677,0.979,1,4.0,3.33,0.67,2.89,1.66,0.547,2.194,0.547,1.048,4,2.95,2.84,0.11,0.076,0.094,3.42,3.42,0.085,0.078,4.26,5.23,1.36,Rising
541,Reinildo,SUN,DEF,1.24,-0.17,3.5,2.26,0.871,0.0,0.871,0.742,0,5.0,2.0,3.0,2.67,1.43,0.589,0.0,0.589,0.91,2,3.67,1.67,2.0,1.95,0.71,0.238,1.046,0.238,1.531,7,2.79,1.11,1.68,0.0,0.012,3.42,3.42,0.0,0.027,4.26,5.23,1.55,Rising
547,E.Le Fée,SUN,MID,1.17,0.14,6.25,5.08,1.283,0.0,1.283,0.634,0,4.0,8.5,-4.5,6.0,4.83,1.261,0.0,1.261,0.638,0,3.33,8.67,-5.34,3.87,2.7,0.796,5.452,0.796,0.876,2,4.58,3.16,1.42,0.135,0.398,3.42,3.42,0.15,0.4,4.26,5.23,2.38,Rising
552,Sadiki,SUN,MID,1.17,0.149,2.5,1.33,0.886,0.0,0.886,0.6,1,3.0,2.0,1.0,2.67,1.5,1.089,0.0,1.089,0.515,1,2.67,2.67,0.0,2.11,0.94,0.747,1.87,0.747,0.595,5,2.42,1.79,0.63,0.135,0.032,3.42,3.42,0.15,0.076,4.26,5.23,0.39,Stable
567,Kinsky,TOT,GKP,0.75,0.282,2.75,2.0,1.353,0.0,1.353,0.538,0,4.0,1.5,2.5,3.0,2.25,1.176,0.0,1.176,0.638,0,3.0,3.0,0.0,0.53,-0.22,-0.164,0.0,-0.164,2.569,31,0.47,0.58,-0.11,0.0,0.0,4.71,2.72,0.0,0.0,5.92,3.16,2.22,Rising
568,Pedro Porro,TOT,DEF,1.24,-0.396,3.75,2.51,0.645,5.026,0.645,1.039,2,5.5,2.0,3.5,5.5,4.26,1.047,8.526,1.047,0.74,2,7.0,4.0,3.0,3.08,1.84,0.555,3.703,0.555,1.078,7,2.84,3.32,-0.48,0.034,0.338,4.71,2.72,0.061,0.329,5.92,3.16,0.67,Rising
570,Danso,TOT,DEF,1.24,0.126,4.25,3.01,1.392,0.0,1.392,0.509,0,5.5,3.0,2.5,4.0,2.76,1.382,0.0,1.382,0.5,0,4.33,3.67,0.66,1.66,0.42,0.181,0.938,0.181,1.399,10,1.21,2.11,-0.9,0.07,0.015,4.71,2.72,0.056,0.022,5.92,3.16,2.59,Rising
574,Udogie,TOT,DEF,1.24,0.039,2.75,1.51,0.585,0.0,0.585,0.94,1,4.5,1.0,3.5,2.17,0.93,0.397,0.0,0.397,1.08,1,3.67,0.67,3.0,0.76,-0.47,-0.337,-0.995,-0.337,1.839,20,1.0,0.53,0.47,0.004,0.018,4.71,2.72,0.003,0.016,5.92,3.16,1.99,Rising
575,Van de Ven,TOT,DEF,1.24,-0.535,2.5,1.26,0.58,0.0,0.58,0.872,1,4.0,1.0,3.0,2.83,1.6,0.682,3.193,0.682,0.826,1,3.0,2.67,0.33,3.05,1.82,0.384,2.093,0.384,1.551,7,1.84,4.26,-2.42,0.006,0.007,4.71,2.72,0.005,0.013,5.92,3.16,-0.55,Falling
584,Tel,TOT,MID,1.17,0.458,4.75,3.58,1.335,0.0,1.335,0.564,0,6.0,3.5,2.5,3.5,2.33,0.828,0.0,0.828,0.804,2,4.33,2.67,1.66,2.05,0.88,0.353,1.941,0.353,1.219,6,1.84,2.26,-0.42,0.07,0.368,4.71,2.72,0.061,0.329,5.92,3.16,2.7,Rising
585,Bentancur,TOT,MID,1.17,0.206,3.5,2.33,1.553,0.0,1.553,0.429,0,5.0,2.0,3.0,3.67,2.5,2.002,0.0,2.002,0.34,0,4.67,2.67,2.0,2.26,1.09,0.425,2.44,0.425,1.136,11,2.32,2.21,0.11,0.045,0.022,4.71,2.72,0.046,0.051,5.92,3.16,1.24,Rising
597,Richarlison,TOT,FWD,1.28,0.149,5.0,3.72,1.206,0.0,1.206,0.616,0,2.0,8.0,-6.0,4.0,2.72,0.874,0.0,0.874,0.777,1,1.33,6.67,-5.34,3.13,1.85,0.583,3.706,0.583,1.013,7,2.53,3.74,-1.21,0.435,0.07,4.71,2.72,0.36,0.06,5.92,3.16,1.87,Rising
603,Diouf,WHU,DEF,1.24,-0.32,2.25,1.01,0.445,2.026,0.445,1.012,1,4.0,0.5,3.5,2.67,1.43,0.67,2.86,0.67,0.8,1,3.33,2.0,1.33,2.74,1.5,0.545,3.019,0.545,1.005,9,2.42,3.05,-0.63,0.015,0.117,4.529999999999999,2.14,0.014,0.157,5.92,4.07,-0.49,Stable
606,Mavropanos,WHU,DEF,1.24,-0.183,3.5,2.26,0.707,0.0,0.707,0.915,1,6.0,1.0,5.0,4.0,2.76,0.998,0.0,0.998,0.692,1,5.33,2.67,2.66,3.21,1.97,0.498,3.23,0.498,1.234,5,3.84,2.58,1.26,0.011,0.051,4.529999999999999,2.14,0.035,0.027,5.92,4.07,0.29,Stable
613,Souček,WHU,MID,1.17,0.068,2.0,0.83,1.173,0.0,1.173,0.354,1,2.5,1.5,1.0,3.5,2.33,0.78,0.0,0.78,0.853,1,5.0,2.0,3.0,2.71,1.54,0.548,1.877,0.548,1.036,6,3.42,2.0,1.42,0.219,0.042,4.529999999999999,2.14,0.215,0.029,5.92,4.07,-0.71,Falling
615,Summerville,WHU,MID,1.17,-0.111,2.5,1.33,0.645,0.0,0.645,0.825,2,3.5,1.5,2.0,2.5,1.33,0.779,0.0,0.779,0.683,2,3.0,2.0,1.0,2.89,1.72,0.567,3.457,0.567,1.051,3,2.42,3.37,-0.95,0.066,0.28,4.529999999999999,2.14,0.083,0.344,5.92,4.07,-0.39,Stable
624,Bowen,WHU,FWD,1.28,-0.306,4.5,3.22,0.743,0.0,0.743,0.962,0,7.0,2.0,5.0,5.0,3.72,0.868,0.0,0.868,0.856,0,8.0,2.0,6.0,4.92,3.64,1.043,0.0,1.043,0.709,1,5.53,4.32,1.21,0.124,0.224,4.529999999999999,2.14,0.12,0.265,5.92,4.07,-0.42,Stable
634,Mosquera,WOL,DEF,1.24,-0.214,2.5,1.26,2.526,0.0,2.526,0.2,0,2.0,3.0,-1.0,1.67,0.43,0.345,0.0,0.345,0.748,2,1.33,2.0,-0.67,1.61,0.37,0.151,0.443,0.151,1.516,13,1.79,1.42,0.37,0.234,0.028,3.67,3.27,0.192,0.024,4.49,3.7700000000000005,0.89,Rising
636,S.Bueno,WOL,DEF,1.24,-0.006,3.75,2.51,0.692,0.0,0.692,0.968,1,6.0,1.5,4.5,3.33,2.1,0.69,0.0,0.69,0.911,1,4.67,2.0,2.67,2.42,1.18,0.419,2.372,0.419,1.167,6,2.63,2.21,0.42,0.139,0.119,3.67,3.27,0.136,0.109,4.49,3.7700000000000005,1.33,Rising
642,Hee Chan,WOL,MID,1.17,0.253,1.75,0.58,0.302,1.23,0.302,1.097,2,2.5,1.0,1.5,1.5,0.33,0.205,0.824,0.205,1.072,4,2.0,1.0,1.0,1.42,0.25,0.12,0.507,0.12,1.476,12,1.89,0.95,0.94,0.063,0.196,3.67,3.27,0.051,0.17,4.49,3.7700000000000005,0.33,Stable
643,André,WOL,MID,1.17,0.176,2.5,1.33,1.189,0.0,1.189,0.447,1,2.5,2.5,0.0,2.5,1.33,1.057,0.0,1.057,0.503,1,2.0,3.0,-1.0,2.53,1.36,0.654,3.219,0.654,0.821,3,2.79,2.26,0.53,0.019,0.043,3.67,3.27,0.016,0.045,4.49,3.7700000000000005,-0.03,Stable
646,J.Gomes,WOL,MID,1.17,-0.045,2.0,0.83,0.587,0.0,0.587,0.707,1,2.0,2.0,0.0,2.17,1.0,0.821,0.0,0.821,0.56,1,2.33,2.0,0.33,2.82,1.65,0.691,3.591,0.691,0.846,2,2.68,2.95,-0.27,0.008,0.058,3.67,3.27,0.022,0.058,4.49,3.7700000000000005,-0.82,Falling
654,Strand Larsen,CRY,FWD,1.28,0.399,1.75,0.47,1.079,0.0,1.079,0.247,1,2.0,1.5,0.5,1.67,0.38,0.814,0.0,0.814,0.283,1,2.0,1.5,0.5,1.97,0.69,0.318,1.629,0.318,1.1,4,2.21,1.74,0.47,0.137,0.137,3.5100000000000002,2.12,0.181,0.148,5.359999999999999,2.7,-0.22,Stable
660,Stach,LEE,MID,1.17,0.113,3.75,2.58,0.685,0.0,0.685,1.004,1,6.5,1.0,5.5,2.5,1.33,0.375,0.0,0.375,1.419,2,4.33,0.67,3.66,3.61,2.44,0.659,6.313,0.659,1.025,3,3.84,3.37,0.47,0.119,0.148,3.2,1.22,0.067,0.106,5.67,1.7000000000000002,0.14,Stable
668,Xhaka,SUN,MID,1.17,-0.134,4.25,3.08,0.989,0.0,0.989,0.732,1,3.0,5.5,-2.5,3.33,2.16,0.754,0.0,0.754,0.86,1,2.33,4.33,-2.0,3.26,2.09,0.867,4.212,0.867,0.74,5,3.37,3.16,0.21,0.032,0.24,3.42,3.42,0.042,0.241,4.26,5.23,0.99,Rising
670,Roefs,SUN,GKP,0.75,-0.589,3.5,2.75,1.835,0.0,1.835,0.429,0,4.0,3.0,1.0,2.5,1.75,0.925,0.0,0.925,0.757,1,2.67,2.33,0.34,3.58,2.83,0.901,0.0,0.901,0.878,3,4.16,3.0,1.16,0.0,0.0,3.42,3.42,0.0,0.0,4.26,5.23,-0.08,Stable
672,Hato,CHE,DEF,1.24,0.284,1.0,-0.24,-0.193,-0.502,-0.193,1.225,2,0.5,1.5,-1.0,1.0,-0.24,-0.237,-0.483,-0.237,1.0,3,0.67,1.33,-0.66,0.5,-0.74,-1.029,-1.552,-1.029,1.433,22,0.42,0.58,-0.16,0.0,0.036,3.2800000000000002,2.5100000000000002,0.0,0.034,4.1899999999999995,3.5,0.5,Stable
673,J.Palhinha,TOT,MID,1.17,0.262,5.25,4.08,1.03,0.0,1.03,0.754,0,7.5,3.0,4.5,5.17,4.0,1.005,0.0,1.005,0.769,1,5.33,5.0,0.33,3.32,2.15,0.644,4.49,0.644,1.005,4,3.26,3.37,-0.11,0.149,0.018,4.71,2.72,0.235,0.032,5.92,3.16,1.93,Rising
676,Ugochukwu,BUR,MID,1.17,0.068,2.25,1.08,0.605,0.0,0.605,0.793,1,3.5,1.0,2.5,1.83,0.66,0.396,0.0,0.396,0.914,2,2.33,1.33,1.0,2.55,1.38,0.583,2.212,0.583,0.928,3,2.74,2.37,0.37,0.066,0.062,3.0300000000000002,1.9500000000000002,0.055,0.057,3.6100000000000003,2.12,-0.3,Stable
679,Hermansen,WHU,GKP,0.75,-0.097,4.0,3.25,1.533,0.0,1.533,0.53,0,4.5,3.5,1.0,4.0,3.25,1.562,0.0,1.562,0.52,0,3.67,4.33,-0.66,2.0,1.25,0.402,0.0,0.402,1.556,20,1.79,2.21,-0.42,0.0,0.0,4.529999999999999,2.14,0.0,0.0,5.92,4.07,2.0,Rising
683,Alderete,SUN,DEF,1.24,-0.471,3.25,2.01,0.647,4.026,0.647,0.958,2,4.0,2.5,1.5,2.33,1.1,0.382,2.193,0.382,1.229,2,2.67,2.0,0.67,3.29,2.05,0.573,4.157,0.573,1.089,5,3.42,3.16,0.26,0.006,0.006,3.42,3.42,0.059,0.008,4.26,5.23,-0.04,Stable
684,Thiaw,NEW,DEF,1.24,-0.449,1.75,0.51,1.185,0.0,1.185,0.247,1,2.0,1.5,0.5,1.67,0.43,0.912,0.0,0.912,0.283,1,1.67,1.67,0.0,3.32,2.08,0.503,3.413,0.503,1.248,4,2.63,4.0,-1.37,0.189,0.01,4.34,2.8899999999999997,0.175,0.014,6.06,4.140000000000001,-1.57,Falling
686,Ngumoha,LIV,MID,1.17,0.135,2.75,1.58,0.823,0.0,0.823,0.698,1,4.0,1.5,2.5,2.0,0.83,0.433,1.76,0.433,0.957,3,2.67,1.33,1.34,1.13,-0.04,-0.018,-0.079,-0.018,1.893,27,1.37,0.89,0.48,0.065,0.105,4.65,2.47,0.072,0.078,5.569999999999999,3.45,1.62,Rising
691,Calvert-Lewin,LEE,FWD,1.28,0.074,5.5,4.22,2.046,0.0,2.046,0.375,0,6.5,4.5,2.0,5.0,3.72,1.721,0.0,1.721,0.432,0,6.33,3.67,2.66,3.84,2.56,0.767,5.163,0.767,0.868,2,4.11,3.58,0.53,0.569,0.041,3.2,1.22,0.513,0.035,5.67,1.7000000000000002,1.66,Rising
694,Mukiele,SUN,DEF,1.24,-0.396,5.75,4.51,1.349,0.0,1.349,0.582,0,5.0,6.5,-1.5,3.67,2.43,0.603,4.86,0.603,1.098,2,3.33,4.0,-0.67,4.08,2.84,0.672,4.941,0.672,1.037,5,5.28,2.95,2.33,0.099,0.132,3.42,3.42,0.08,0.111,4.26,5.23,1.67,Rising
706,Justin,LEE,DEF,1.24,-0.191,3.25,2.01,1.048,0.0,1.048,0.591,1,4.0,2.5,1.5,5.33,4.1,0.816,0.0,0.816,0.942,1,8.0,2.67,5.33,2.61,1.37,0.396,2.752,0.396,1.328,16,3.22,2.0,1.22,0.069,0.082,3.2,1.22,0.138,0.1,5.67,1.7000000000000002,0.64,Rising
708,M.Fernandes,WHU,MID,1.17,-0.23,4.75,3.58,1.384,0.0,1.384,0.544,0,5.5,4.0,1.5,4.33,3.16,1.342,0.0,1.342,0.544,0,4.33,4.33,0.0,3.75,2.58,1.076,0.0,1.076,0.639,1,3.5,4.0,-0.5,0.155,0.196,4.529999999999999,2.14,0.125,0.123,5.92,4.07,1.0,Rising
714,Woltemade,NEW,FWD,1.28,0.282,3.0,1.72,0.572,0.0,0.572,1.0,1,4.0,2.0,2.0,2.33,1.05,0.4,2.229,0.4,1.125,3,3.0,1.67,1.33,3.09,1.8,0.59,4.507,0.59,0.99,7,3.83,2.29,1.54,0.046,0.107,4.34,2.8899999999999997,0.033,0.167,6.06,4.140000000000001,-0.09,Stable
719,Lindelöf,AVL,DEF,1.24,0.246,1.25,0.01,0.03,0.0,0.03,0.346,3,1.0,1.5,-0.5,0.83,-0.4,-0.587,-0.824,-0.587,0.825,5,0.67,1.0,-0.33,0.83,-0.41,-0.32,-0.874,-0.32,1.54,12,0.59,1.06,-0.47,0.0,0.023,4.3100000000000005,1.3,0.0,0.012,6.750000000000001,2.5300000000000002,0.42,Stable
722,Florentino,BUR,MID,1.17,0.227,3.25,2.08,1.601,0.0,1.601,0.4,1,4.0,2.5,1.5,2.83,1.66,1.238,0.0,1.238,0.474,2,3.0,2.67,0.33,2.4,1.23,0.652,2.528,0.652,0.786,8,2.28,2.53,-0.25,0.02,0.036,3.0300000000000002,1.9500000000000002,0.017,0.038,3.6100000000000003,2.12,0.85,Rising
723,Canvot,CRY,DEF,1.24,-0.036,1.75,0.51,0.395,1.026,0.395,0.742,1,0.5,3.0,-2.5,1.67,0.43,0.313,0.912,0.313,0.825,2,0.5,2.25,-1.75,2.06,0.82,0.254,1.868,0.254,1.567,8,2.94,1.12,1.82,0.088,0.019,3.5100000000000002,2.12,0.058,0.015,5.359999999999999,2.7,-0.31,Stable
724,Geertruida,SUN,DEF,1.24,-0.023,2.25,1.01,0.445,2.026,0.445,1.012,1,3.5,1.0,2.5,1.5,0.26,0.123,0.608,0.123,1.427,3,2.33,0.67,1.66,1.57,0.33,0.208,0.727,0.208,1.024,7,1.53,1.61,-0.08,0.085,0.029,3.42,3.42,0.068,0.019,4.26,5.23,0.68,Rising
726,Kolo Muani,TOT,FWD,1.28,0.471,1.5,0.22,0.434,0.0,0.434,0.333,1,1.5,1.5,0.0,1.33,0.05,0.107,0.0,0.107,0.354,3,1.33,1.33,0.0,1.49,0.2,0.162,0.469,0.162,0.842,5,1.71,1.28,0.43,0.053,0.096,4.71,2.72,0.061,0.092,5.92,3.16,0.01,Stable
728,Röhl,EVE,MID,1.17,0.514,4.5,3.33,1.159,0.0,1.159,0.638,0,7.0,2.0,5.0,3.0,1.83,0.579,0.0,0.579,1.054,2,4.67,1.33,3.34,1.03,-0.14,-0.076,-0.298,-0.076,1.807,15,1.17,0.88,0.29,0.04,0.047,4.3,3.0000000000000004,0.032,0.033,5.37,4.28,3.47,Rising
730,Brobbey,SUN,FWD,1.28,0.193,3.75,2.47,1.035,0.0,1.035,0.636,1,3.5,4.0,-0.5,3.17,1.88,0.891,0.0,0.891,0.668,1,3.0,3.33,-0.33,2.63,1.35,0.518,3.108,0.518,0.988,5,2.47,2.78,-0.31,0.433,0.058,3.42,3.42,0.366,0.04,4.26,5.23,1.12,Rising
733,Lammens,MUN,GKP,0.75,-0.574,4.5,3.75,1.172,0.0,1.172,0.711,0,1.5,7.5,-6.0,5.17,4.42,1.286,0.0,1.286,0.665,0,2.0,8.33,-6.33,3.11,2.37,0.828,0.0,0.828,0.917,3,3.18,3.06,0.12,0.0,0.0,6.079999999999999,5.02,0.0,0.0,7.01,6.38,1.39,Rising
736,Donnarumma,MCI,GKP,0.75,-0.71,3.75,3.0,0.897,0.0,0.897,0.892,1,4.67,1.0,3.67,3.67,2.92,0.944,0.0,0.944,0.843,1,4.67,2.67,2.0,3.86,3.11,1.212,0.0,1.212,0.665,1,4.44,3.24,1.2,0.0,0.0,1.0299999999999998,0.78,0.0,0.07,1.78,1.85,-0.11,Stable
749,Mané,WOL,FWD,1.28,-0.144,4.25,2.97,0.761,0.0,0.761,0.917,0,6.5,2.0,4.5,3.33,2.05,0.595,0.0,0.595,1.034,1,5.0,1.67,3.33,2.64,1.36,0.47,4.328,0.47,1.095,5,3.0,2.29,0.71,0.12,0.505,3.67,3.27,0.147,0.536,4.49,3.7700000000000005,1.61,Rising
783,Groß,BHA,MID,1.17,-0.382,3.25,2.08,1.269,0.0,1.269,0.504,0,4.0,2.5,1.5,4.83,3.66,1.404,0.0,1.404,0.54,0,5.33,4.33,1.0,4.11,2.94,0.982,0.0,0.982,0.728,2,4.3,3.89,0.41,0.117,0.173,4.72,4.9,0.088,0.21,6.91,6.48,-0.86,Falling
791,Taty,WHU,FWD,1.28,0.074,4.0,2.72,0.882,0.0,0.882,0.771,2,4.5,3.5,1.0,3.17,1.88,0.674,0.0,0.674,0.882,3,3.33,3.0,0.33,3.39,2.11,0.734,0.0,0.734,0.847,3,3.67,3.11,0.56,0.411,0.079,4.529999999999999,2.14,0.409,0.049,5.92,4.07,0.61,Rising
796,Gallagher,TOT,MID,1.17,-0.05,4.0,2.83,0.971,0.0,0.971,0.729,0,2.5,5.5,-3.0,3.67,2.5,1.001,0.0,1.001,0.68,0,2.33,5.0,-2.67,2.59,1.42,0.653,3.275,0.653,0.839,4,2.44,2.75,-0.31,0.134,0.048,4.71,2.72,0.113,0.057,5.92,3.16,1.41,Rising
807,Rayan,BOU,MID,1.17,-0.103,5.5,4.33,1.424,0.0,1.424,0.553,0,5.5,5.5,0.0,5.5,4.33,1.732,0.0,1.732,0.455,0,5.67,5.33,0.34,4.47,3.3,1.333,0.0,1.333,0.554,0,4.71,4.25,0.46,0.221,0.107,4.699999999999999,2.72,0.158,0.101,8.69,5.54,1.03,Rising
814,Netz,NFO,DEF,1.24,0.413,2.0,0.76,0.623,0.0,0.623,0.612,2,1.5,2.5,-1.0,1.5,0.26,0.209,0.608,0.209,0.839,2,1.0,2.0,-1.0,0.79,-0.45,-0.417,-0.915,-0.417,1.376,10,0.43,1.14,-0.71,0.0,0.018,2.53,1.6900000000000002,0.0,0.021,3.24,2.35,1.21,Rising
815,Disasi,WHU,DEF,1.24,-0.879,2.5,1.26,0.613,0.0,0.613,0.825,1,4.0,1.0,3.0,3.67,2.43,0.831,0.0,0.831,0.798,1,3.67,3.67,0.0,3.5,2.26,0.781,1.742,0.781,0.828,1,3.86,3.14,0.72,0.0,0.009,4.529999999999999,2.14,0.0,0.005,5.92,4.07,-1.0,Falling
817,Armstrong,WOL,FWD,1.28,0.05,3.25,1.97,0.909,0.0,0.909,0.666,0,2.0,4.5,-2.5,2.83,1.55,0.832,0.0,0.832,0.658,0,2.0,3.67,-1.67,2.79,1.5,0.959,0.0,0.959,0.562,1,2.43,3.14,-0.71,0.417,0.052,3.67,3.27,0.437,0.058,4.49,3.7700000000000005,0.46,Stable
