element,web_name,team,position,minutes,saves_per90,cs_per90,xgc_prevented_per90,bps_per90,goals_per90,npxg_per90,shots_per90,sot_per90,box_shots_per90,touches_box_per90,assists_per90,xa_per90,chances_created_per90,big_chances_per90,xg_chain_per90,xg_buildup_per90,crosses_per90,sp_deliveries_per90,tackles_per90,cbi_per90,recoveries_per90,def_contrib_per90,peer_group,assists_pct,box_shots_pct,cs_pct,xg_buildup_pct,npxg_pct,shots_pct,big_chances_pct,def_contrib_pct,recoveries_pct,cbi_pct,sot_pct,chances_created_pct,xg_chain_pct,bps_pct,saves_pct,xa_pct,xgc_prevented_pct,tackles_pct,goals_pct,touches_box_pct,crosses_pct,sp_deliveries_pct,code
1,Raya,ARS,GKP,3330,1.62,0.51,0.04,17.11,,,,,,,,,,,,,,,,,,,GKP,,,99,,,,,,,,,,,99,9,,58,,,,,,154561
5,Gabriel,ARS,DEF,2750,,,,,0.1,0.15,0.88,0.2,0.72,1.51,0.16,0.06,0.1,0.16,0.29,0.27,0.16,0.0,1.24,7.82,2.09,9.07,DEF,87,85,,64,94,81,77,76,3,80,64,8,53,,,63,,25,85,61,25,37,226597
6,Saliba,ARS,DEF,2614,,,,,0.03,0.05,0.17,0.03,0.17,0.76,0.0,0.04,0.34,0.03,0.38,0.36,0.31,0.0,1.21,5.44,3.89,6.64,DEF,18,19,,83,50,9,30,36,59,48,20,44,74,,,43,,24,54,21,36,37,462424
7,Calafiori,ARS,DEF,1697,,,,,0.05,0.18,1.7,0.32,1.06,2.97,0.11,0.04,0.37,0.0,0.43,0.35,1.11,0.0,1.7,3.71,3.92,5.41,DEF,73,97,,80,97,98,13,15,61,19,88,49,82,,,43,,52,67,93,56,37,466075
8,J.Timber,ARS,DEF,2452,,,,,0.11,0.15,0.92,0.26,0.88,3.34,0.22,0.06,0.77,0.15,0.42,0.32,1.69,0.04,2.42,3.01,3.56,5.43,DEF,95,93,,76,94,85,74,16,45,8,80,79,81,,,63,,82,88,95,66,76,445122
10,Lewis-Skelly,ARS,DEF,697,,,,,0.0,0.02,0.26,0.0,0.26,1.68,0.0,0.03,0.52,0.0,0.27,0.25,0.0,0.0,1.03,2.2,3.87,3.23,DEF,18,31,,55,21,15,13,2,58,3,10,62,44,,,32,,14,25,67,3,37,499169
11,White,ARS,DEF,699,,,,,0.0,0.04,0.64,0.13,0.39,2.06,0.13,0.09,0.9,0.39,0.58,0.41,2.06,0.0,1.93,4.89,3.61,6.82,DEF,79,56,,88,40,58,97,41,48,38,46,83,94,,,81,,66,25,80,72,37,198869
16,Saka,ARS,MID,2218,,,,,0.28,0.32,2.88,1.01,1.95,7.51,0.41,0.29,2.27,0.49,0.78,0.33,2.72,2.72,1.62,1.14,4.71,7.47,ATT,96,85,,79,78,91,94,50,69,17,88,98,91,,,98,,54,77,96,86,89,223340
17,Ødegaard,ARS,MID,1363,,,,,0.07,0.08,1.45,0.53,0.59,2.51,0.46,0.24,2.18,0.4,0.77,0.5,1.19,0.73,1.25,0.86,4.62,6.74,ATT,98,31,,97,24,44,86,39,65,9,53,97,90,,,94,,37,25,39,53,65,184029
18,Madueke,ARS,MID,1205,,,,,0.22,0.15,1.87,0.67,1.57,8.59,0.07,0.21,1.57,0.52,0.5,0.25,3.51,2.84,1.57,1.05,2.61,5.23,ATT,22,75,,57,48,60,95,22,17,14,63,84,59,,,91,,52,66,98,94,90,248857
19,Martinelli,ARS,MID,1065,,,,,0.08,0.45,2.45,1.01,2.2,5.92,0.42,0.11,0.76,0.34,0.85,0.3,2.87,0.51,1.01,1.1,4.39,6.51,ATT,97,89,,72,90,81,80,36,59,17,88,34,95,,,56,,29,28,90,88,59,444145
20,Trossard,ARS,MID,1997,,,,,0.27,0.3,2.39,0.59,1.71,5.14,0.27,0.16,1.35,0.36,0.61,0.22,2.43,0.18,1.22,1.17,3.61,5.99,ATT,86,79,,49,76,79,83,29,40,19,58,74,79,,,79,,35,74,83,80,51,116216
21,Rice,ARS,MID,3093,,,,,0.12,0.11,1.16,0.38,0.38,1.63,0.26,0.21,1.66,0.49,0.54,0.38,2.68,4.22,2.01,3.7,5.24,10.94,ATT,84,18,,87,35,29,94,84,85,86,37,86,67,,,91,,70,44,25,85,97,204480
22,Merino,ARS,MID,1024,,,,,0.35,0.46,1.93,0.7,1.58,2.99,0.26,0.13,0.79,0.35,0.74,0.34,0.35,0.0,2.29,2.64,5.01,9.93,ATT,84,76,,82,91,62,81,77,81,71,65,37,89,,,66,,77,84,46,19,21,195384
26,Zubimendi,ARS,MID,2991,,,,,0.15,0.09,0.81,0.27,0.57,1.53,0.03,0.07,0.54,0.03,0.41,0.34,0.36,0.0,2.05,3.7,3.49,9.24,ATT,12,29,,82,27,15,14,70,38,86,23,20,39,,,36,,72,53,21,20,21,481655
32,Martinez,AVL,GKP,2835,3.02,0.22,0.12,16.83,,,,,,,,,,,,,,,,,,,GKP,,,31,,,,,,,,,,,95,69,,80,,,,,,98980
36,Cash,AVL,DEF,3016,,,,,0.09,0.04,0.9,0.3,0.24,1.22,0.09,0.09,0.81,0.12,0.31,0.24,2.66,1.58,1.97,3.58,2.63,5.55,DEF,64,27,,52,40,83,66,17,12,16,87,81,59,,,81,,69,82,41,83,93,199796
37,Digne,AVL,DEF,1842,,,,,0.0,0.03,0.68,0.24,0.24,1.32,0.34,0.16,0.98,0.2,0.27,0.2,3.71,2.25,1.76,3.76,3.08,5.52,DEF,98,27,,37,30,63,84,17,23,21,74,89,44,,,98,,55,25,49,94,95,101188
38,Konsa,AVL,DEF,3035,,,,,0.0,0.03,0.33,0.06,0.33,0.77,0.03,0.02,0.15,0.03,0.28,0.26,0.15,0.0,0.65,5.16,3.2,5.81,DEF,39,44,,58,30,22,30,19,30,44,28,15,48,,,18,,4,25,22,22,37,199798
39,Maatsen,AVL,DEF,1590,,,,,0.0,0.07,1.13,0.28,0.68,3.79,0.06,0.14,1.42,0.28,0.29,0.21,2.77,0.45,2.43,4.81,4.64,7.25,DEF,52,80,,42,67,93,92,46,85,36,83,95,53,,,95,,83,25,97,84,87,441302
40,Mings,AVL,DEF,1322,,,,,0.0,0.1,0.61,0.07,0.61,1.43,0.07,0.03,0.34,0.07,0.27,0.24,0.27,0.0,0.34,6.94,3.2,7.28,DEF,56,76,,52,83,57,49,47,30,69,32,44,44,,,32,,2,25,57,34,37,149484
41,Pau,AVL,DEF,1673,,,,,0.0,0.09,0.54,0.05,0.48,0.86,0.11,0.02,0.05,0.0,0.24,0.24,0.22,0.0,1.18,4.84,4.25,6.03,DEF,73,68,,52,79,49,13,24,73,37,24,5,32,,,18,,21,25,28,32,37,244954
44,Bogarde,AVL,DEF,1042,,,,,0.0,0.0,0.0,0.0,0.0,0.6,0.0,0.02,0.17,0.0,0.17,0.17,0.17,0.0,2.25,2.94,3.71,5.18,DEF,18,3,,28,4,2,13,13,52,6,10,18,13,,,18,,80,25,13,27,37,515597
47,Rogers,AVL,MID,3280,,,,,0.27,0.2,2.3,0.85,1.32,4.97,0.22,0.12,1.12,0.36,0.5,0.2,1.37,0.16,1.15,1.34,3.81,6.31,ATT,76,67,,44,61,75,83,33,46,28,79,63,59,,,61,,33,74,82,58,51,244850
48,Tielemans,AVL,MID,1857,,,,,0.0,0.09,1.16,0.34,0.39,1.65,0.19,0.16,1.36,0.24,0.48,0.36,1.6,1.65,2.81,2.47,4.56,9.84,ATT,68,19,,85,27,29,66,76,64,66,32,76,53,,,79,,90,7,26,63,77,166989
50,Buendía,AVL,MID,1753,,,,,0.31,0.19,2.52,0.67,0.82,3.75,0.1,0.11,1.44,0.26,0.47,0.19,0.46,0.51,2.52,2.0,5.6,10.11,ATT,34,44,,40,57,83,69,78,90,57,63,78,52,,,56,,85,80,61,26,59,195546
52,J.Ramsey,NEW,MID,1441,,,,,0.12,0.08,1.0,0.25,0.62,3.0,0.19,0.09,1.19,0.12,0.34,0.27,0.56,0.0,2.56,1.44,5.31,9.31,ATT,68,33,,62,24,21,36,71,87,32,20,68,25,,,49,,86,44,46,30,21,232653
53,Malen,AVL,MID,640,,,,,0.56,0.67,3.66,1.27,2.95,6.75,0.28,0.05,0.84,0.0,0.9,0.27,0.98,0.42,0.56,0.28,1.41,2.25,ATT,87,98,,62,98,98,7,1,3,2,97,42,96,,,23,,9,96,94,46,57,204646
54,McGinn,AVL,MID,2136,,,,,0.21,0.13,1.18,0.51,0.55,2.32,0.17,0.17,1.56,0.29,0.46,0.25,2.53,1.6,1.22,1.35,3.75,6.32,ATT,61,27,,57,42,31,74,34,44,28,49,84,49,,,82,,35,65,35,82,77,122806
55,Barkley,AVL,MID,844,,,,,0.32,0.2,1.92,0.85,0.96,1.92,0.21,0.13,0.96,0.43,0.67,0.43,0.0,0.11,1.49,1.6,4.8,7.89,ATT,74,51,,93,61,61,90,56,72,40,79,52,85,,,66,,47,81,32,2,49,88894
58,Kamara,AVL,MID,1410,,,,,0.06,0.07,0.45,0.26,0.32,0.7,0.19,0.05,0.77,0.0,0.36,0.27,0.06,0.13,2.43,2.94,4.15,9.51,ATT,68,15,,62,20,3,7,74,53,78,21,35,27,,,23,,81,22,8,4,50,226944
59,Onana,AVL,MID,1755,,,,,0.1,0.14,0.97,0.31,0.46,1.28,0.0,0.04,0.36,0.0,0.35,0.27,0.0,0.0,2.46,5.08,3.69,11.23,ATT,6,21,,62,45,20,7,87,42,98,29,8,26,,,16,,81,37,16,2,21,449871
64,Watkins,AVL,FWD,2833,,,,,0.51,0.6,2.64,1.21,2.19,5.62,0.13,0.04,0.64,0.13,0.69,0.14,0.22,0.0,0.7,0.73,1.56,2.99,ATT,47,89,,26,97,86,38,3,5,6,95,28,85,,,16,,15,93,88,14,21,178301
67,Petrović,BOU,GKP,3420,2.87,0.29,0.07,13.47,,,,,,,,,,,,,,,,,,,GKP,,,74,,,,,,,,,,,39,58,,69,,,,,,457569
72,Senesi,BOU,DEF,3288,,,,,0.0,0.05,0.44,0.14,0.25,1.45,0.16,0.13,0.52,0.19,0.39,0.3,0.71,0.0,1.7,9.77,4.24,11.47,DEF,87,29,,73,50,39,82,98,71,98,50,62,75,,,93,,52,25,58,51,37,221466
73,Smith,BOU,DEF,1073,,,,,0.0,0.0,0.0,0.0,0.0,0.75,0.17,0.02,0.25,0.08,0.38,0.34,1.09,0.0,1.26,4.61,2.43,5.87,DEF,89,3,,78,4,2,53,21,9,34,10,30,74,,,18,,26,25,20,55,37,54469
74,Truffert,BOU,DEF,3378,,,,,0.03,0.05,0.43,0.13,0.19,1.41,0.16,0.08,0.72,0.11,0.41,0.27,3.81,0.08,2.72,5.3,5.01,8.02,DEF,87,21,,64,50,36,63,57,93,45,46,76,80,,,75,,92,54,56,95,78,494521
77,Hill,BOU,DEF,2102,,,,,0.0,0.04,0.6,0.09,0.39,0.94,0.13,0.05,0.43,0.09,0.32,0.31,0.47,0.0,1.67,9.46,3.17,11.13,DEF,79,56,,75,40,56,56,96,28,94,36,54,62,,,54,,50,25,30,43,37,463981
81,Kluivert,BOU,MID,945,,,,,0.19,0.22,1.62,0.29,0.57,2.95,0.0,0.15,2.0,0.29,0.51,0.22,2.48,2.67,0.95,0.86,4.38,6.19,ATT,6,29,,49,64,50,74,31,58,9,26,95,61,,,75,,26,61,45,82,88,222683
82,Semenyo,MCI,MID,3200,,,,,0.48,0.32,2.33,1.15,1.69,4.95,0.17,0.09,0.96,0.22,0.59,0.22,1.38,0.06,1.27,1.38,3.99,6.64,ATT,61,78,,49,78,77,61,38,50,29,92,52,74,,,49,,37,91,80,58,45,437730
83,O.Dango,BRE,MID,2271,,,,,0.28,0.34,2.22,0.75,1.7,4.72,0.32,0.16,0.95,0.48,0.53,0.1,3.29,1.15,0.95,3.01,3.37,7.33,ATT,92,78,,14,80,72,92,47,34,78,71,50,65,,,79,,26,77,77,92,71,533463
84,Tavernier,BOU,MID,2732,,,,,0.23,0.26,2.31,0.79,1.02,3.76,0.13,0.15,1.65,0.3,0.59,0.27,2.37,2.47,1.28,2.04,4.94,8.27,ATT,47,53,,62,71,76,76,62,78,59,75,86,74,,,75,,38,67,61,78,86,201658
85,Adams,BOU,MID,1769,,,,,0.1,0.05,0.51,0.31,0.15,0.51,0.1,0.03,0.25,0.1,0.35,0.3,0.15,0.0,2.7,4.22,4.88,11.8,ATT,34,6,,72,12,5,33,92,76,92,29,4,26,,,10,,88,37,5,10,21,200785
86,Brooks,BOU,MID,1188,,,,,0.08,0.5,3.64,0.98,2.5,5.53,0.23,0.26,1.74,0.61,0.92,0.2,3.03,2.2,1.44,1.44,4.24,7.12,ATT,78,94,,44,94,97,97,45,55,32,86,88,96,,,96,,45,28,87,90,83,111317
87,Christie,BOU,MID,978,,,,,0.18,0.16,2.3,0.74,0.74,2.48,0.09,0.07,1.01,0.18,0.71,0.42,1.29,0.55,2.48,3.13,5.71,11.32,ATT,30,41,,92,51,75,52,88,93,81,70,57,87,,,36,,83,59,38,55,61,158499
88,Cook,BOU,MID,872,,,,,0.0,0.01,0.31,0.0,0.0,0.41,0.1,0.05,1.03,0.0,0.26,0.25,2.27,3.51,2.58,5.78,6.4,14.76,ATT,34,2,,57,2,2,7,99,98,99,2,58,10,,,23,,86,7,4,77,94,155408
90,Scott,BOU,MID,2848,,,,,0.09,0.11,1.39,0.41,0.44,1.55,0.06,0.09,0.82,0.13,0.48,0.35,1.17,2.15,1.9,4.2,6.1,12.2,ATT,19,21,,84,35,39,38,94,95,92,40,41,53,,,49,,68,33,22,51,83,503139
97,Evanilson,BOU,FWD,2741,,,,,0.2,0.39,2.36,0.72,2.1,4.6,0.23,0.05,0.99,0.1,0.52,0.11,0.13,0.0,0.43,1.38,2.63,4.43,ATT,78,88,,17,84,78,33,11,18,29,68,55,64,,,23,,6,63,76,8,21,444102
100,Kroupi.Jr,BOU,FWD,1663,,,,,0.7,0.4,2.81,1.14,1.73,4.55,0.0,0.08,1.19,0.16,0.63,0.28,0.6,0.05,0.49,2.27,3.3,6.06,ATT,6,81,,66,85,90,48,30,33,63,91,68,83,,,43,,7,98,74,32,42,560262
101,Kelleher,BRE,GKP,3330,2.95,0.27,0.12,15.41,,,,,,,,,,,,,,,,,,,GKP,,,63,,,,,,,,,,,73,65,,80,,,,,,200720
106,Collins,BRE,DEF,2971,,,,,0.03,0.09,0.64,0.18,0.58,2.42,0.06,0.05,0.27,0.15,0.3,0.26,0.03,0.0,0.97,8.69,4.21,9.66,DEF,52,74,,58,79,58,74,83,68,86,61,32,57,,,54,,10,54,89,6,37,432830
107,Lewis-Potter,BRE,DEF,1960,,,,,0.14,0.15,1.42,0.41,0.87,3.4,0.18,0.12,0.73,0.28,0.36,0.15,3.08,0.37,1.06,2.34,4.41,3.4,DEF,91,92,,20,94,97,92,3,79,4,95,77,70,,,91,,16,94,95,90,85,249231
108,Ajer,BRE,DEF,1805,,,,,0.0,0.05,0.5,0.1,0.4,2.34,0.1,0.04,0.15,0.05,0.27,0.19,0.35,0.0,1.84,7.73,2.94,9.57,DEF,68,58,,33,50,45,39,83,18,79,39,15,44,,,43,,63,25,88,38,37,191866
109,Henry,BRE,DEF,1322,,,,,0.0,0.01,0.34,0.0,0.07,0.95,0.14,0.04,0.2,0.07,0.16,0.15,1.7,0.0,1.02,3.61,4.9,4.63,DEF,83,8,,20,12,24,49,8,90,18,10,21,10,,,43,,12,25,31,67,37,194010
110,Kayode,BRE,DEF,3258,,,,,0.03,0.03,0.28,0.08,0.17,0.97,0.06,0.08,0.91,0.11,0.36,0.26,1.55,0.0,1.88,4.17,4.5,6.05,DEF,52,19,,58,30,18,63,26,80,27,34,85,70,,,75,,65,54,32,64,37,607464
113,Van den Berg,BRE,DEF,2761,,,,,0.0,0.11,0.75,0.2,0.72,1.79,0.1,0.05,0.16,0.16,0.28,0.21,0.0,0.0,0.75,8.12,3.55,8.87,DEF,68,85,,42,85,67,77,72,43,83,64,17,48,,,54,,6,25,72,3,37,444765
116,Hickey,BRE,DEF,679,,,,,0.0,0.07,0.8,0.13,0.4,1.33,0.0,0.02,0.0,0.0,0.36,0.3,0.53,0.0,1.99,4.77,4.64,6.76,DEF,18,58,,73,67,72,13,38,85,36,46,2,70,,,18,,70,25,50,47,37,472713
119,Mbeumo,MUN,MID,2611,,,,,0.38,0.46,2.52,1.07,1.93,5.17,0.1,0.17,1.52,0.21,0.77,0.21,2.17,1.93,0.86,0.79,3.14,4.79,ATT,34,84,,47,91,83,60,15,29,7,90,83,90,,,82,,19,86,83,75,80,446008
120,Schade,BRE,MID,2744,,,,,0.26,0.36,1.87,0.75,1.84,4.62,0.16,0.07,0.82,0.23,0.57,0.13,0.69,0.03,1.38,1.77,3.08,6.23,ATT,59,83,,22,82,60,63,32,27,46,71,41,72,,,36,,43,72,76,36,40,513418
121,Damsgaard,BRE,MID,2046,,,,,0.18,0.13,1.32,0.48,0.7,3.52,0.18,0.24,1.67,0.53,0.54,0.28,2.6,2.55,2.51,1.98,6.11,10.6,ATT,64,39,,66,42,35,95,83,95,56,45,87,67,,,94,,84,59,53,83,87,440089
124,Henderson,BRE,MID,1911,,,,,0.05,0.03,0.28,0.05,0.09,0.61,0.14,0.11,0.75,0.38,0.41,0.29,2.21,0.57,1.27,2.73,4.62,8.62,ATT,52,4,,69,5,2,85,64,65,73,3,33,39,,,56,,37,18,6,76,62,56979
125,Janelt,BRE,MID,1434,,,,,0.06,0.05,0.75,0.19,0.38,1.38,0.25,0.14,1.07,0.44,0.4,0.23,1.82,3.01,1.69,4.46,5.33,11.49,ATT,81,18,,51,12,12,91,89,88,94,13,60,36,,,70,,57,22,17,67,90,204580
126,Jensen,BRE,MID,2239,,,,,0.12,0.06,1.17,0.32,0.32,1.61,0.08,0.24,1.29,0.44,0.42,0.28,2.65,3.46,1.61,2.49,4.74,8.84,ATT,25,15,,66,16,30,91,65,70,67,31,72,42,,,94,,53,44,24,84,94,207283
129,Yarmoliuk,BRE,MID,2652,,,,,0.03,0.05,0.54,0.14,0.2,0.61,0.1,0.05,0.41,0.03,0.32,0.27,1.02,0.0,2.34,2.82,6.31,11.47,ATT,34,8,,62,12,6,14,88,97,75,9,10,21,,,23,,78,14,6,47,21,508395
136,Thiago,BRE,FWD,3282,,,,,0.6,0.49,2.3,1.18,2.17,4.63,0.03,0.05,0.6,0.16,0.62,0.14,0.52,0.0,1.01,2.3,2.55,5.87,ATT,12,88,,26,93,75,48,28,16,64,94,24,81,,,23,,29,97,77,28,21,502500
139,Verbruggen,BHA,GKP,3420,2.79,0.26,0.08,16.21,,,,,,,,,,,,,,,,,,,GKP,,,56,,,,,,,,,,,84,42,,73,,,,,,489639
143,Boscagli,BHA,DEF,799,,,,,0.0,0.0,0.11,0.0,0.11,0.56,0.11,0.05,0.34,0.0,0.4,0.4,1.35,0.45,1.8,6.98,6.08,8.79,DEF,73,15,,86,4,7,13,70,99,70,10,44,77,,,54,,58,25,10,60,87,204120
145,De Cuyper,BHA,DEF,1404,,,,,0.13,0.11,0.83,0.38,0.32,1.86,0.19,0.26,1.86,0.58,0.44,0.22,2.95,2.88,1.41,2.69,4.36,4.1,DEF,92,42,,46,85,76,99,4,76,5,94,99,84,,,99,,33,92,74,88,96,465730
146,Dunk,BHA,DEF,2837,,,,,0.03,0.04,0.73,0.1,0.63,1.36,0.03,0.02,0.22,0.03,0.4,0.4,0.16,0.1,1.11,6.22,4.28,7.33,DEF,39,77,,86,40,66,30,48,75,60,39,25,77,,,18,,17,54,50,25,80,83299
148,F.Kadıoğlu,BHA,DEF,3130,,,,,0.03,0.06,0.81,0.35,0.37,1.67,0.06,0.1,0.6,0.06,0.4,0.34,2.42,0.81,1.64,3.25,3.74,4.89,DEF,52,53,,78,60,73,44,9,52,13,92,67,77,,,85,,48,54,66,80,91,231416
151,Van Hecke,BHA,DEF,3210,,,,,0.08,0.09,0.67,0.22,0.48,1.4,0.08,0.04,0.28,0.06,0.4,0.37,0.64,0.0,1.49,7.4,3.17,8.89,DEF,60,68,,84,79,61,44,73,28,74,68,34,77,,,43,,42,77,54,49,37,469142
152,Veltman,BHA,DEF,1047,,,,,0.09,0.09,0.34,0.09,0.34,1.12,0.0,0.02,0.34,0.0,0.21,0.2,1.63,0.0,2.66,5.85,3.44,8.51,DEF,18,47,,37,79,24,13,65,39,54,36,44,22,,,18,,89,82,38,64,37,111478
157,Mitoma,BHA,MID,1714,,,,,0.16,0.25,1.68,0.68,1.26,4.78,0.05,0.14,1.52,0.21,0.59,0.24,2.42,0.0,0.95,1.42,3.26,5.62,ATT,16,63,,53,69,52,60,25,32,31,64,83,74,,,70,,26,56,78,79,21,451340
158,Georginio,BHA,MID,1776,,,,,0.15,0.15,2.18,0.71,1.32,5.07,0.25,0.15,1.11,0.41,0.55,0.21,1.06,0.0,1.62,1.93,3.09,6.64,ATT,81,67,,47,48,71,88,38,28,53,67,63,69,,,75,,54,53,82,48,21,463067
160,Minteh,BHA,MID,2389,,,,,0.11,0.18,1.54,0.41,1.21,6.97,0.3,0.19,1.51,0.41,0.62,0.32,5.12,1.28,2.11,1.24,3.62,6.97,ATT,90,62,,77,55,48,88,43,41,22,40,82,81,,,88,,73,40,95,98,73,592031
162,Gruda,BHA,MID,708,,,,,0.13,0.23,2.03,0.76,1.02,3.56,0.13,0.11,1.91,0.13,0.7,0.36,1.14,1.27,1.78,0.51,5.08,7.37,ATT,47,53,,85,66,67,38,47,82,3,72,92,86,,,56,,62,47,54,50,73,513433
163,Hinshelwood,BHA,MID,1736,,,,,0.21,0.25,1.97,0.73,1.4,3.32,0.26,0.12,0.62,0.1,0.6,0.31,0.36,0.05,0.93,1.81,3.16,5.91,ATT,84,70,,74,69,64,33,28,29,50,69,25,77,,,61,,23,65,51,20,42,532529
166,Ayari,BHA,MID,1921,,,,,0.14,0.1,1.92,0.47,0.7,1.78,0.19,0.05,0.56,0.09,0.37,0.26,0.66,1.03,2.2,2.53,5.81,10.54,ATT,68,39,,59,31,61,29,82,94,69,44,22,29,,,23,,76,50,28,35,69,509416
167,Baleba,BHA,MID,1646,,,,,0.0,0.03,1.09,0.05,0.11,0.22,0.0,0.04,0.49,0.05,0.32,0.25,0.0,0.0,2.02,3.66,5.74,11.43,ATT,6,4,,57,5,25,17,88,93,86,3,16,21,,,16,,71,7,2,2,21,535301
169,Gomez,BHA,MID,2117,,,,,0.21,0.27,1.79,0.55,1.11,3.4,0.04,0.07,0.81,0.17,0.61,0.3,0.85,0.13,3.27,2.08,4.76,10.12,ATT,13,59,,72,72,56,50,79,71,59,55,39,79,,,36,,94,65,52,44,50,514254
170,Milner,BHA,MID,772,,,,,0.12,0.03,0.93,0.23,0.58,0.93,0.12,0.08,0.82,0.12,0.46,0.44,1.17,0.58,1.75,2.91,4.66,9.33,ATT,41,30,,93,5,18,36,72,66,77,17,41,49,,,43,,59,44,12,51,63,15157
173,Wieffer,BHA,MID,1901,,,,,0.09,0.09,0.85,0.28,0.57,2.46,0.19,0.09,0.8,0.19,0.49,0.39,0.76,0.0,3.12,4.78,4.83,12.74,ATT,68,29,,88,27,17,55,97,74,97,24,38,55,,,49,,93,33,38,40,21,467779
178,Welbeck,BHA,FWD,2249,,,,,0.52,0.42,2.24,1.04,1.8,4.56,0.04,0.06,0.76,0.16,0.6,0.19,0.08,0.12,0.96,1.56,1.96,4.48,ATT,13,82,,40,87,73,48,11,8,38,89,34,77,,,30,,27,95,74,4,50,50175
187,Walker,BUR,DEF,3095,,,,,0.0,0.0,0.12,0.0,0.03,0.29,0.06,0.04,0.32,0.09,0.27,0.26,1.08,0.15,1.63,4.54,4.51,6.16,DEF,52,5,,58,4,8,56,30,81,33,10,39,44,,,43,,46,25,2,55,82,58621
190,Ekdal,BUR,DEF,1539,,,,,0.0,0.04,0.35,0.06,0.29,1.23,0.0,0.02,0.23,0.0,0.16,0.15,0.06,0.0,1.4,8.77,2.87,10.18,DEF,18,37,,20,40,26,13,88,16,88,28,27,10,,,18,,32,25,42,11,37,478969
191,Estève,BUR,DEF,2933,,,,,0.0,0.01,0.37,0.03,0.28,0.92,0.0,0.02,0.21,0.03,0.14,0.13,0.18,0.0,1.35,8.9,3.5,10.25,DEF,18,35,,13,12,29,30,89,42,90,20,23,5,,,18,,29,25,28,28,37,477717
192,Hartman,BUR,DEF,1825,,,,,0.0,0.02,0.44,0.15,0.15,1.28,0.3,0.1,0.69,0.3,0.26,0.2,2.76,1.33,2.56,4.98,3.4,7.55,DEF,98,17,,37,21,39,94,52,38,40,52,74,40,,,85,,86,25,46,83,92,494960
193,Humphreys,BUR,DEF,1574,,,,,0.0,0.03,0.51,0.11,0.34,1.37,0.11,0.04,0.51,0.06,0.19,0.17,1.03,0.0,1.54,6.52,3.95,8.06,DEF,73,47,,28,30,46,44,58,62,63,41,60,18,,,43,,44,25,51,53,37,461188
195,Lucas Pires,BUR,DEF,1405,,,,,0.0,0.06,1.02,0.26,0.45,1.41,0.0,0.09,1.28,0.06,0.25,0.15,2.43,1.35,1.86,4.1,5.51,5.96,DEF,18,65,,20,60,88,44,22,97,25,80,93,36,,,81,,64,25,56,81,93,549329
198,Tuanzebe,BUR,DEF,1201,,,,,0.07,0.04,0.22,0.07,0.15,0.15,0.0,0.01,0.0,0.0,0.21,0.17,0.07,0.0,1.05,7.94,3.0,8.99,DEF,18,17,,28,40,13,13,74,20,82,32,2,22,,,6,,15,74,2,12,37,180804
200,Anthony,BUR,MID,2717,,,,,0.26,0.18,1.82,0.76,1.19,3.58,0.13,0.09,1.16,0.2,0.41,0.19,1.89,1.03,1.39,1.62,4.67,7.68,ATT,47,61,,40,55,58,58,53,67,42,72,66,39,,,49,,43,72,55,71,69,444180
202,Bruun Larsen,BUR,MID,1014,,,,,0.0,0.13,1.51,0.36,0.62,3.11,0.09,0.1,0.98,0.18,0.4,0.2,2.4,2.31,1.07,1.78,2.75,5.59,ATT,30,33,,44,42,46,52,24,21,47,33,55,36,,,53,,31,7,47,78,85,179458
205,Cullen,BUR,MID,1513,,,,,0.12,0.06,0.71,0.36,0.18,0.42,0.12,0.08,0.65,0.24,0.37,0.28,0.54,0.36,1.9,4.04,4.34,10.29,ATT,41,7,,66,16,10,66,80,57,89,33,29,29,,,43,,68,44,4,29,55,172567
206,Edwards,BUR,MID,1058,,,,,0.09,0.19,1.96,0.43,1.11,4.59,0.26,0.16,1.45,0.51,0.52,0.27,1.62,0.77,0.94,0.51,4.25,5.7,ATT,84,59,,62,57,64,94,27,55,3,40,78,64,,,79,,24,33,75,64,66,174592
207,Hannibal,BUR,MID,1219,,,,,0.07,0.06,1.4,0.37,0.3,1.62,0.37,0.15,1.26,0.37,0.44,0.25,2.21,0.52,2.14,1.26,4.8,8.2,ATT,94,13,,57,16,40,84,59,72,23,35,71,46,,,75,,74,25,25,76,60,465527
209,Laurent,BUR,MID,1752,,,,,0.05,0.05,0.77,0.21,0.36,1.16,0.0,0.02,0.63,0.0,0.16,0.09,0.69,0.0,2.47,3.8,3.29,9.55,ATT,6,16,,10,12,13,7,75,33,87,15,26,2,,,5,,82,18,15,36,21,167887
210,Tchaouna,BUR,MID,1259,,,,,0.14,0.09,1.64,0.57,0.64,2.07,0.14,0.07,0.86,0.07,0.3,0.14,2.43,0.21,1.29,0.93,2.72,4.93,ATT,52,34,,26,27,51,22,17,20,11,57,44,16,,,36,,39,50,33,80,52,469272
215,Flemming,BUR,FWD,1764,,,,,0.56,0.41,2.65,1.07,2.09,3.62,0.0,0.02,0.51,0.0,0.4,0.09,0.31,0.05,0.87,2.5,1.68,5.05,ATT,6,87,,10,86,86,7,18,7,68,90,17,36,,,5,,19,96,56,16,42,431639
217,Foster,BUR,FWD,1361,,,,,0.2,0.24,1.32,0.4,0.93,3.64,0.13,0.02,0.53,0.13,0.4,0.14,0.4,0.0,1.06,1.79,2.78,5.62,ATT,47,49,,26,68,35,38,25,22,48,39,19,36,,,5,,30,63,57,23,21,435973
220,Sánchez,CHE,GKP,3040,2.9,0.27,-0.01,15.07,,,,,,,,,,,,,,,,,,,GKP,,,63,,,,,,,,,,,65,61,,42,,,,,,215059
224,Cucurella,CHE,DEF,2706,,,,,0.03,0.06,0.67,0.17,0.43,2.79,0.13,0.11,1.16,0.2,0.5,0.4,1.43,0.03,1.83,4.22,3.76,6.05,DEF,79,63,,86,60,61,84,26,53,28,58,93,91,,,88,,61,54,92,62,74,179268
225,James,CHE,DEF,1957,,,,,0.09,0.06,1.01,0.32,0.14,0.74,0.28,0.15,1.06,0.37,0.53,0.45,2.9,4.51,2.21,3.68,4.64,5.89,DEF,97,16,,89,60,88,95,21,85,19,88,91,93,,,97,,77,82,18,88,99,225796
226,Chalobah,CHE,DEF,2780,,,,,0.1,0.06,0.52,0.16,0.36,0.55,0.03,0.03,0.16,0.03,0.48,0.47,0.16,0.0,1.13,7.45,3.85,8.58,DEF,39,51,,92,60,47,30,67,57,74,56,17,87,,,32,,19,85,9,25,37,180736
228,Gusto,CHE,DEF,2255,,,,,0.08,0.08,0.52,0.24,0.28,1.92,0.12,0.12,0.96,0.16,0.65,0.54,2.31,0.0,2.08,2.95,4.91,5.03,DEF,76,35,,96,72,47,77,11,91,7,74,88,96,,,91,,73,77,78,76,37,482609
230,Fofana,CHE,DEF,1718,,,,,0.0,0.03,0.42,0.05,0.42,0.84,0.1,0.03,0.1,0.05,0.46,0.46,0.1,0.0,1.0,9.8,4.24,10.79,DEF,68,62,,91,30,34,39,93,71,98,24,8,86,,,32,,11,25,27,15,37,444463
232,Tosin,CHE,DEF,788,,,,,0.0,0.01,0.23,0.0,0.23,0.46,0.0,0.05,0.11,0.11,0.36,0.36,0.0,0.0,1.94,9.14,2.51,11.08,DEF,18,25,,83,12,14,63,94,11,92,10,10,70,,,54,,67,25,7,3,37,109646
233,Acheampong,CHE,DEF,657,,,,,0.14,0.09,0.55,0.27,0.41,1.1,0.0,0.02,0.27,0.0,0.29,0.28,0.14,0.0,1.51,4.52,3.56,6.03,DEF,18,60,,68,79,51,13,24,45,32,82,32,53,,,18,,43,94,36,20,37,577016
235,Palmer,CHE,MID,1954,,,,,0.46,0.26,2.95,1.15,1.47,4.28,0.09,0.11,1.06,0.14,0.78,0.49,1.57,0.46,1.15,1.24,3.82,6.22,ATT,30,72,,96,71,92,41,32,47,22,92,59,91,,,56,,33,90,69,62,58,244851
236,Neto,CHE,MID,2629,,,,,0.17,0.18,1.57,0.45,0.99,3.66,0.24,0.23,1.61,0.41,0.66,0.34,4.45,3.12,0.65,0.65,2.88,4.18,ATT,80,52,,82,55,50,88,10,24,5,42,85,84,,,93,,13,57,58,97,92,247632
237,Enzo,CHE,MID,3114,,,,,0.29,0.3,2.08,0.9,1.1,2.95,0.14,0.21,1.85,0.32,0.81,0.47,1.42,1.94,1.53,1.47,4.05,7.05,ATT,52,58,,94,76,68,77,45,51,34,82,91,93,,,91,,48,78,45,60,81,448047
238,Estêvão,CHE,MID,839,,,,,0.21,0.42,3.0,0.86,2.47,7.94,0.54,0.23,1.5,0.43,0.99,0.38,0.86,1.61,1.18,0.97,3.86,6.01,ATT,98,94,,87,87,93,90,30,48,12,80,81,98,,,93,,34,65,97,45,77,624773
241,Caicedo,CHE,MID,2796,,,,,0.1,0.05,0.87,0.19,0.23,0.52,0.03,0.08,0.55,0.13,0.55,0.49,0.23,0.0,2.8,3.28,5.7,11.78,ATT,12,10,,96,12,17,38,91,92,83,13,21,69,,,43,,90,37,6,14,21,486672
242,Dewsbury-Hall,EVE,MID,2629,,,,,0.27,0.15,1.34,0.51,0.82,2.88,0.24,0.18,1.13,0.34,0.49,0.28,2.46,2.16,1.78,1.51,4.59,7.87,ATT,80,44,,66,48,37,80,56,65,36,49,64,55,,,85,,62,74,44,81,83,215413
246,Andrey Santos,CHE,MID,1247,,,,,0.07,0.18,0.79,0.14,0.65,1.44,0.0,0.06,0.58,0.07,0.46,0.32,0.14,0.0,2.67,3.18,3.46,9.31,ATT,6,35,,77,55,14,22,71,36,82,9,23,49,,,30,,87,25,18,9,21,532605
249,João Pedro,CHE,FWD,2658,,,,,0.51,0.53,2.47,0.91,2.07,4.91,0.3,0.07,0.81,0.2,0.65,0.16,0.61,0.0,0.91,1.32,2.44,4.67,ATT,90,86,,31,95,82,58,14,14,26,83,39,84,,,36,,22,93,80,33,21,475168
250,Delap,CHE,FWD,1092,,,,,0.08,0.41,2.97,0.91,2.55,5.44,0.16,0.02,0.25,0.0,0.62,0.28,0.49,0.0,0.41,0.99,2.06,3.46,ATT,59,95,,66,86,93,7,5,10,13,83,4,81,,,5,,5,28,86,27,21,463034
253,Henderson,CRY,GKP,3330,2.86,0.3,0.01,14.54,,,,,,,,,,,,,,,,,,,GKP,,,84,,,,,,,,,,,52,52,,50,,,,,,172649
256,Muñoz,CRY,DEF,2400,,,,,0.15,0.12,0.98,0.45,0.86,2.81,0.15,0.15,0.9,0.3,0.39,0.17,2.36,0.0,2.7,4.65,3.64,7.35,DEF,85,91,,28,88,87,94,49,49,35,96,83,75,,,97,,91,95,93,79,37,247348
257,Lacroix,CRY,DEF,3085,,,,,0.03,0.09,0.73,0.18,0.67,2.16,0.06,0.02,0.15,0.09,0.31,0.29,0.15,0.0,1.75,9.04,2.8,10.79,DEF,52,79,,70,79,66,56,93,14,91,61,15,59,,,18,,54,54,84,22,37,437499
258,Mitchell,CRY,DEF,3253,,,,,0.03,0.05,0.53,0.19,0.33,1.52,0.08,0.07,0.75,0.11,0.36,0.27,2.88,0.0,2.77,4.01,5.17,6.78,DEF,60,44,,64,50,48,63,40,93,23,62,79,70,,,70,,93,54,62,87,37,244723
260,Guéhi,MCI,DEF,3150,,,,,0.09,0.13,0.91,0.26,0.86,1.77,0.14,0.07,0.43,0.14,0.5,0.44,0.49,0.06,1.31,6.63,3.97,7.94,DEF,83,91,,88,91,84,70,57,63,65,80,54,91,,,70,,28,82,70,45,77,209036
261,Richards,CRY,DEF,2825,,,,,0.03,0.06,0.48,0.06,0.48,1.4,0.0,0.05,0.29,0.03,0.25,0.24,0.41,0.0,1.72,8.19,2.07,9.91,DEF,18,68,,52,60,44,30,85,2,83,28,36,36,,,54,,53,54,54,41,37,427623
266,Eze,ARS,MID,1885,,,,,0.33,0.23,3.01,0.95,1.48,3.1,0.14,0.13,0.67,0.19,0.49,0.19,0.43,0.29,0.91,1.05,3.77,5.73,ATT,52,72,,40,66,94,55,27,45,14,85,31,55,,,66,,22,83,47,24,55,232413
267,Sarr,CRY,MID,2173,,,,,0.37,0.38,1.99,0.83,1.57,4.1,0.08,0.05,0.75,0.12,0.53,0.13,0.99,0.0,0.75,1.66,3.27,5.67,ATT,25,75,,22,84,66,36,26,32,43,77,33,65,,,23,,17,85,67,47,21,232185
270,Hughes,CRY,MID,1560,,,,,0.0,0.07,0.98,0.0,0.4,1.62,0.06,0.11,1.21,0.06,0.41,0.31,1.38,1.79,1.62,3.12,3.81,8.54,ATT,19,20,,74,20,20,20,63,46,81,2,70,39,,,56,,54,7,25,58,79,108413
271,Kamada,CRY,MID,1899,,,,,0.0,0.07,0.9,0.19,0.52,1.75,0.09,0.15,0.95,0.24,0.47,0.35,1.09,1.47,2.94,1.8,5.12,9.86,ATT,30,25,,84,20,18,66,76,83,49,13,50,52,,,75,,92,7,27,49,75,209400
272,Lerma,CRY,MID,1722,,,,,0.0,0.12,1.1,0.31,0.57,2.67,0.26,0.08,0.57,0.16,0.4,0.32,0.63,0.0,1.46,4.7,5.33,11.5,ATT,84,29,,77,38,26,48,89,88,95,29,23,36,,,43,,46,7,41,34,21,152551
273,Wharton,CRY,MID,2552,,,,,0.04,0.04,1.13,0.21,0.28,1.02,0.21,0.26,1.38,0.49,0.52,0.37,1.73,2.05,2.47,2.47,5.75,10.69,ATT,74,12,,86,7,27,94,83,94,66,15,76,64,,,96,,82,16,14,65,82,496221
276,Devenny,CRY,MID,785,,,,,0.11,0.17,1.49,0.46,1.15,3.67,0.0,0.04,0.8,0.0,0.42,0.24,1.72,0.23,2.87,1.49,3.9,8.25,ATT,6,61,,53,53,46,7,61,50,35,43,38,42,,,16,,91,40,59,65,53,489706
283,Mateta,CRY,FWD,2210,,,,,0.49,0.53,2.57,1.26,2.04,3.58,0.0,0.05,0.37,0.08,0.62,0.1,0.45,0.0,0.41,2.36,2.32,5.09,ATT,6,86,,14,95,85,25,20,13,64,96,9,81,,,23,,5,92,55,25,21,231747
287,Pickford,EVE,GKP,3420,2.63,0.29,0.16,14.34,,,,,,,,,,,,,,,,,,,GKP,,,74,,,,,,,,,,,42,35,,90,,,,,,111234
290,Branthwaite,EVE,DEF,678,,,,,0.13,0.04,0.8,0.27,0.66,1.19,0.13,0.01,0.4,0.13,0.17,0.15,0.4,0.0,1.86,7.04,3.98,8.89,DEF,79,78,,20,40,72,68,73,64,72,82,51,13,,,6,,64,92,39,40,37,480455
291,Tarkowski,EVE,DEF,3330,,,,,0.05,0.08,0.54,0.24,0.54,2.27,0.08,0.06,0.41,0.05,0.18,0.15,0.19,0.0,1.38,8.78,2.43,10.16,DEF,60,72,,20,72,49,39,87,9,88,74,52,15,,,63,,30,67,87,30,37,17761
292,Mykolenko,EVE,DEF,2959,,,,,0.0,0.01,0.3,0.06,0.03,0.7,0.03,0.07,0.64,0.03,0.25,0.21,2.83,0.03,1.46,5.57,3.25,7.03,DEF,39,5,,42,12,19,30,44,33,49,28,72,36,,,70,,39,25,16,86,74,224967
293,O'Brien,EVE,DEF,3118,,,,,0.03,0.04,0.38,0.14,0.35,1.07,0.09,0.03,0.46,0.0,0.19,0.15,1.41,0.0,1.65,5.02,3.29,6.67,DEF,64,49,,20,40,30,13,37,34,41,50,57,18,,,32,,50,54,35,62,37,512462
295,Keane,EVE,DEF,2588,,,,,0.1,0.12,0.9,0.24,0.8,2.26,0.03,0.02,0.03,0.0,0.19,0.15,0.03,0.0,1.29,9.22,3.03,10.5,DEF,39,89,,20,88,83,13,91,21,93,74,4,18,,,18,,27,85,86,6,37,106611
299,Ndiaye,EVE,MID,2781,,,,,0.19,0.15,1.39,0.71,0.91,3.3,0.1,0.14,0.87,0.23,0.5,0.22,1.78,0.0,2.17,1.23,5.76,9.16,ATT,34,48,,49,48,39,63,68,94,21,67,45,59,,,70,,75,61,50,67,21,440993
300,McNeil,EVE,MID,1161,,,,,0.0,0.11,1.86,0.39,0.85,1.78,0.23,0.15,1.09,0.08,0.36,0.2,2.64,1.16,1.78,2.02,4.81,8.6,ATT,78,45,,44,35,59,25,63,73,58,38,62,27,,,75,,62,7,28,84,72,433154
301,Alcaraz,EVE,MID,679,,,,,0.0,0.13,2.65,0.66,1.72,3.71,0.13,0.07,1.19,0.27,0.36,0.18,0.66,0.53,1.86,1.72,5.7,9.28,ATT,47,80,,36,42,86,71,70,92,45,62,68,27,,,36,,66,7,59,35,61,502697
302,Gana,EVE,MID,2094,,,,,0.09,0.08,1.25,0.3,0.43,1.46,0.13,0.08,0.43,0.09,0.39,0.3,0.82,0.0,1.85,2.54,4.99,9.37,ATT,47,20,,72,24,34,29,72,80,69,27,11,33,,,43,,65,33,19,41,21,80801
303,Garner,EVE,MID,3413,,,,,0.05,0.05,1.19,0.34,0.37,0.71,0.18,0.16,1.27,0.32,0.3,0.22,2.87,4.11,3.14,4.06,4.88,12.08,ATT,64,17,,49,12,32,77,94,76,90,32,72,16,,,79,,94,18,9,88,96,232928
304,Iroegbunam,EVE,MID,1477,,,,,0.0,0.03,0.73,0.06,0.3,1.46,0.18,0.04,0.37,0.18,0.27,0.17,0.18,0.0,4.14,2.62,4.75,11.52,ATT,64,13,,34,5,11,52,90,71,70,4,9,11,,,16,,98,7,19,12,21,490094
310,Barry,EVE,FWD,1898,,,,,0.38,0.43,1.8,0.62,1.66,4.46,0.0,0.02,0.57,0.09,0.49,0.1,0.19,0.0,0.28,1.61,1.61,3.51,ATT,6,77,,14,88,57,29,7,6,41,60,23,55,,,5,,2,86,72,13,21,586309
311,Beto,EVE,FWD,1551,,,,,0.52,0.64,2.5,0.99,2.44,5.51,0.06,0.01,0.64,0.06,0.7,0.05,0.12,0.0,0.81,2.84,1.51,5.16,ATT,19,93,,3,98,82,20,21,4,76,87,28,86,,,2,,17,95,86,7,21,486385
314,Leno,FUL,GKP,3420,2.58,0.24,0.05,14.63,,,,,,,,,,,,,,,,,,,GKP,,,44,,,,,,,,,,,58,31,,61,,,,,,80201
316,Robinson,FUL,DEF,1487,,,,,0.06,0.01,0.36,0.06,0.18,1.69,0.0,0.1,1.33,0.06,0.28,0.23,4.66,0.0,2.91,5.33,5.93,8.23,DEF,18,20,,48,12,28,44,61,98,47,28,94,48,,,85,,95,71,68,98,37,169528
317,Andersen,FUL,DEF,2882,,,,,0.0,0.05,0.5,0.09,0.37,1.09,0.03,0.06,0.19,0.09,0.29,0.28,0.47,0.0,1.41,8.87,3.56,10.27,DEF,39,53,,68,50,45,56,90,45,89,36,19,53,,,63,,33,25,36,43,37,174874
318,Bassey,FUL,DEF,2532,,,,,0.04,0.04,0.39,0.04,0.28,0.68,0.04,0.01,0.36,0.0,0.22,0.21,0.5,0.0,2.2,5.08,4.23,7.29,DEF,44,35,,42,40,31,13,48,69,43,22,48,26,,,6,,76,63,14,45,37,232892
319,Castagne,FUL,DEF,1838,,,,,0.0,0.07,0.69,0.24,0.69,2.01,0.1,0.07,0.88,0.15,0.33,0.27,2.35,0.0,1.96,5.19,2.74,7.15,DEF,68,81,,64,67,64,74,45,14,45,74,82,64,,,70,,68,25,79,78,37,166477
320,Diop,FUL,DEF,812,,,,,0.11,0.05,0.22,0.11,0.22,0.78,0.0,0.01,0.0,0.0,0.17,0.17,0.11,0.0,0.67,6.1,2.11,6.76,DEF,18,24,,28,50,13,13,38,4,58,41,2,13,,,6,,5,88,23,17,37,219924
321,J.Cuenca,FUL,DEF,935,,,,,0.0,0.0,0.1,0.0,0.1,0.58,0.0,0.05,0.29,0.1,0.22,0.22,0.19,0.0,1.54,9.72,3.85,11.26,DEF,18,13,,46,4,6,60,97,57,97,10,36,26,,,54,,44,25,12,30,37,246301
322,Tete,FUL,DEF,1791,,,,,0.05,0.04,0.8,0.15,0.45,1.21,0.0,0.07,0.55,0.05,0.2,0.16,1.71,0.0,3.27,5.03,4.12,8.29,DEF,18,65,,24,40,72,39,63,65,42,52,65,20,,,70,,98,67,40,67,37,167074
324,Iwobi,FUL,MID,2420,,,,,0.15,0.09,1.45,0.56,0.67,2.32,0.11,0.17,1.51,0.15,0.39,0.25,2.2,1.58,1.0,1.3,4.69,6.99,ATT,37,36,,57,27,44,45,44,68,25,56,82,33,,,82,,28,53,35,76,76,153133
325,Smith Rowe,FUL,MID,1909,,,,,0.14,0.2,1.7,0.52,1.32,3.58,0.05,0.05,0.85,0.05,0.41,0.2,0.61,0.0,1.65,1.98,3.35,6.98,ATT,16,67,,44,61,54,17,44,34,56,51,43,39,,,23,,55,50,55,33,21,209289
328,Sessegnon,FUL,MID,1816,,,,,0.15,0.1,0.79,0.2,0.64,3.42,0.15,0.09,0.64,0.15,0.41,0.25,2.78,0.05,2.38,4.76,3.67,10.8,ATT,56,34,,57,31,14,45,83,41,96,14,28,39,,,49,,79,53,53,87,42,184349
329,Wilson,FUL,MID,2674,,,,,0.34,0.19,2.63,0.84,1.31,3.53,0.3,0.16,1.08,0.27,0.37,0.14,1.99,3.13,0.98,2.22,2.76,5.96,ATT,90,66,,26,57,85,71,28,21,62,78,61,29,,,79,,28,83,54,72,92,153682
330,Berge,FUL,MID,2904,,,,,0.0,0.04,0.46,0.06,0.22,0.84,0.09,0.05,0.62,0.09,0.33,0.28,0.4,0.0,1.77,2.82,4.09,8.68,ATT,30,9,,66,7,4,29,64,52,75,4,25,23,,,23,,60,7,11,23,21,207189
331,Cairney,FUL,MID,756,,,,,0.24,0.1,2.02,0.24,0.48,1.31,0.0,0.1,1.31,0.0,0.52,0.4,0.48,0.6,0.83,1.43,5.0,7.26,ATT,6,23,,89,31,66,7,46,80,31,19,73,64,,,53,,18,69,16,27,64,76357
332,Lukić,FUL,MID,1730,,,,,0.05,0.12,0.94,0.26,0.52,1.82,0.21,0.1,1.35,0.16,0.32,0.17,1.2,3.07,2.55,3.28,3.69,9.52,ATT,74,25,,34,38,19,48,74,42,83,21,74,21,,,53,,85,18,30,53,91,212314
335,King,FUL,MID,1290,,,,,0.07,0.27,1.81,0.7,1.26,4.88,0.21,0.05,0.91,0.0,0.43,0.18,0.84,0.0,1.81,1.53,4.12,7.47,ATT,74,63,,36,72,58,7,50,52,38,65,49,45,,,23,,63,25,79,43,21,577725
337,Raúl,FUL,FWD,2183,,,,,0.37,0.37,3.01,0.7,2.31,4.37,0.21,0.04,0.91,0.08,0.44,0.06,0.29,0.25,1.44,1.73,2.27,5.44,ATT,74,91,,5,83,94,25,23,13,45,65,49,46,,,16,,45,85,71,16,54,102057
338,Muniz,FUL,FWD,987,,,,,0.09,0.41,3.01,0.46,2.55,5.56,0.09,0.01,0.64,0.09,0.44,0.12,0.18,0.0,0.73,2.64,1.37,4.74,ATT,30,95,,19,86,94,29,15,2,71,43,28,46,,,2,,16,33,87,12,21,244042
341,Darlow,LEE,GKP,1980,2.86,0.23,0.06,15.18,,,,,,,,,,,,,,,,,,,GKP,,,37,,,,,,,,,,,69,52,,65,,,,,,59735
342,Bogle,LEE,DEF,2795,,,,,0.03,0.06,0.58,0.13,0.35,2.25,0.16,0.1,0.61,0.23,0.35,0.21,2.16,0.0,2.13,3.61,4.28,5.73,DEF,87,49,,42,60,54,87,18,75,18,46,68,68,,,85,,75,54,85,73,37,226182
343,Struijk,LEE,DEF,2935,,,,,0.0,0.09,0.95,0.15,0.89,1.78,0.03,0.02,0.34,0.06,0.22,0.19,0.06,0.0,1.2,7.91,3.59,9.11,DEF,39,93,,33,79,86,44,77,48,81,52,44,26,,,18,,23,25,71,11,37,222694
344,Bijol,LEE,DEF,1888,,,,,0.05,0.03,0.72,0.29,0.72,2.29,0.14,0.04,0.24,0.14,0.26,0.21,0.05,0.0,1.19,9.25,3.0,10.44,DEF,83,85,,42,30,64,70,91,20,93,85,29,40,,,43,,22,67,88,9,37,434752
347,Gudmundsson,LEE,DEF,2637,,,,,0.0,0.03,0.65,0.03,0.38,1.74,0.0,0.1,0.72,0.14,0.23,0.15,3.0,0.14,2.22,4.06,3.82,6.28,DEF,18,55,,20,30,60,70,33,55,24,20,76,29,,,85,,78,25,69,89,81,243526
348,Rodon,LEE,DEF,2952,,,,,0.06,0.06,0.55,0.21,0.55,1.4,0.0,0.02,0.27,0.03,0.19,0.18,0.18,0.0,1.13,7.23,2.59,8.35,DEF,18,73,,31,60,51,30,64,12,73,66,32,18,,,18,,19,71,54,28,37,214225
350,Aaronson,LEE,MID,2449,,,,,0.15,0.22,1.69,0.55,0.92,3.6,0.29,0.13,1.07,0.33,0.49,0.13,1.32,0.04,1.84,1.32,4.78,7.94,ATT,88,48,,22,64,53,78,57,72,26,55,60,55,,,66,,65,53,56,56,41,427637
354,Ampadu,LEE,MID,3119,,,,,0.03,0.06,0.75,0.14,0.29,0.75,0.12,0.06,0.52,0.03,0.34,0.31,0.75,0.0,2.34,4.36,5.31,12.0,ATT,41,12,,74,16,12,14,93,87,93,9,18,25,,,30,,78,14,9,40,21,199598
356,Gruev,LEE,MID,1318,,,,,0.0,0.05,0.48,0.07,0.07,0.82,0.27,0.06,0.55,0.14,0.24,0.15,0.75,0.75,1.57,2.73,3.48,7.78,ATT,86,3,,29,12,4,41,55,37,73,5,21,8,,,30,,52,7,10,40,66,486520
358,Tanaka,LEE,MID,1307,,,,,0.14,0.15,1.17,0.28,0.34,0.96,0.07,0.1,1.24,0.07,0.47,0.3,1.86,1.45,1.86,2.62,5.65,10.12,ATT,22,15,,72,48,30,22,79,91,70,24,70,52,,,53,,66,50,13,69,74,248056
365,Nmecha,LEE,FWD,1065,,,,,0.51,0.49,2.54,1.35,2.45,5.41,0.08,0.13,0.85,0.17,0.59,0.12,0.85,0.0,1.01,1.27,2.54,4.82,ATT,25,93,,19,93,84,50,16,15,23,98,43,74,,,66,,29,93,85,44,21,174594
366,A.Becker,LIV,GKP,2340,2.19,0.31,-0.05,14.96,,,,,,,,,,,,,,,,,,,GKP,,,88,,,,,,,,,,,61,12,,39,,,,,,116535
367,Mamardashvili,LIV,GKP,867,3.53,0.21,-0.49,14.43,,,,,,,,,,,,,,,,,,,GKP,,,27,,,,,,,,,,,46,91,,5,,,,,,449027
370,Frimpong,LIV,DEF,1032,,,,,0.0,0.04,0.87,0.17,0.61,6.02,0.44,0.14,1.13,0.44,0.52,0.35,4.45,0.0,0.96,1.66,4.53,2.62,DEF,99,76,,80,40,80,98,2,81,2,58,92,92,,,95,,9,25,99,96,37,216094
371,Kerkez,LIV,DEF,2251,,,,,0.08,0.06,0.36,0.08,0.24,1.72,0.04,0.03,1.0,0.12,0.38,0.27,3.16,0.0,1.64,3.72,3.52,5.36,DEF,44,27,,64,60,28,66,14,43,20,34,91,74,,,32,,48,77,69,91,37,544877
372,Robertson,LIV,DEF,1165,,,,,0.08,0.08,0.77,0.23,0.46,2.16,0.0,0.11,1.55,0.23,0.45,0.35,4.02,0.62,0.93,3.32,3.09,4.25,DEF,18,66,,80,72,68,87,5,24,14,70,98,85,,,88,,9,77,84,95,88,122798
373,Virgil,LIV,DEF,3420,,,,,0.16,0.13,0.79,0.34,0.71,1.87,0.03,0.04,0.32,0.0,0.33,0.3,0.03,0.0,0.61,8.66,2.29,9.26,DEF,39,83,,73,91,70,13,80,6,86,91,39,64,,,43,,3,95,75,6,37,97032
374,Konaté,LIV,DEF,3090,,,,,0.03,0.06,0.35,0.12,0.32,0.55,0.0,0.03,0.23,0.06,0.32,0.31,0.09,0.0,1.54,6.99,3.44,8.53,DEF,18,42,,75,60,26,44,66,39,71,43,27,62,,,32,,44,54,9,13,37,204716
375,Bradley,LIV,DEF,928,,,,,0.0,0.02,0.58,0.0,0.39,2.72,0.19,0.08,0.29,0.29,0.33,0.23,2.33,0.1,1.84,4.46,4.17,6.3,DEF,92,56,,48,21,54,93,34,67,31,10,36,64,,,75,,63,25,91,77,80,492777
381,M.Salah,LIV,MID,2144,,,,,0.29,0.34,2.81,0.8,2.14,7.85,0.29,0.23,1.72,0.46,0.73,0.26,2.73,2.81,0.71,0.46,3.4,4.58,ATT,88,88,,59,80,90,92,12,35,2,75,88,88,,,93,,15,78,97,86,89,118748
382,Wirtz,LIV,MID,2374,,,,,0.19,0.29,1.93,0.68,1.29,6.1,0.15,0.19,2.16,0.19,0.78,0.41,0.72,0.83,1.29,0.99,4.4,6.67,ATT,56,65,,90,74,62,55,39,60,13,64,96,91,,,88,,39,61,91,38,67,494595
384,Gakpo,LIV,MID,2736,,,,,0.23,0.32,2.86,0.59,1.91,6.15,0.16,0.15,1.61,0.33,0.62,0.19,1.84,1.09,0.92,1.22,2.86,5.0,ATT,59,83,,40,78,91,78,17,23,21,58,85,81,,,75,,23,67,91,68,71,243298
386,Mac Allister,LIV,MID,2654,,,,,0.07,0.14,1.76,0.37,0.98,2.2,0.17,0.06,1.05,0.14,0.45,0.28,0.41,0.41,1.8,2.17,3.8,7.77,ATT,61,51,,66,45,56,41,54,45,60,35,59,48,,,30,,63,25,34,24,57,243016
387,Szoboszlai,LIV,MID,3232,,,,,0.17,0.11,1.95,0.61,0.5,1.89,0.19,0.19,1.98,0.4,0.6,0.42,3.04,4.38,1.56,2.67,5.18,9.41,ATT,68,24,,92,35,63,86,73,84,72,60,94,77,,,88,,51,57,31,90,98,424876
388,C.Jones,LIV,MID,1923,,,,,0.05,0.11,1.03,0.33,0.61,2.39,0.14,0.13,0.89,0.19,0.5,0.34,0.7,0.09,1.87,2.48,6.74,11.09,ATT,52,32,,82,35,22,55,86,98,67,31,47,59,,,66,,67,18,37,37,47,206915
390,Gravenberch,LIV,MID,2991,,,,,0.15,0.05,1.14,0.39,0.24,0.93,0.15,0.07,0.78,0.12,0.39,0.32,0.21,0.0,1.78,3.37,3.82,8.97,ATT,56,11,,77,12,28,36,66,47,84,38,36,33,,,36,,62,53,12,13,21,441266
402,Aït-Nouri,MCI,DEF,971,,,,,0.0,0.05,0.83,0.19,0.37,2.5,0.19,0.19,0.93,0.19,0.68,0.61,1.48,0.65,3.24,2.97,4.54,6.21,DEF,92,53,,98,50,76,82,31,82,7,62,87,98,,,98,,98,25,90,63,89,448514
403,Gvardiol,MCI,DEF,1370,,,,,0.13,0.12,1.12,0.39,0.92,2.1,0.13,0.05,0.13,0.07,0.66,0.63,0.13,0.0,1.12,5.65,3.22,6.77,DEF,79,94,,98,88,92,49,39,32,50,95,12,97,,,54,,18,92,82,18,37,477424
405,Aké,MCI,DEF,686,,,,,0.0,0.14,0.92,0.13,0.92,2.1,0.0,0.07,0.92,0.26,0.58,0.52,0.52,0.0,1.18,4.85,2.23,6.03,DEF,18,94,,95,93,85,91,24,5,38,46,86,94,,,70,,21,25,82,46,37,126184
406,Khusanov,MCI,DEF,1427,,,,,0.0,0.04,0.44,0.0,0.19,0.5,0.0,0.08,0.38,0.0,0.48,0.45,0.19,0.0,1.7,6.05,4.73,7.76,DEF,18,21,,89,40,39,13,55,88,55,10,50,87,,,75,,52,25,8,30,37,578153
407,Matheus N.,MCI,DEF,2861,,,,,0.03,0.02,0.22,0.06,0.06,1.26,0.25,0.07,0.72,0.19,0.7,0.64,2.08,0.03,1.79,4.34,5.22,6.13,DEF,96,7,,99,21,13,82,29,94,29,28,76,98,,,70,,57,54,44,72,74,465351
408,Rúben,MCI,DEF,2139,,,,,0.08,0.02,0.42,0.17,0.25,0.34,0.0,0.03,0.29,0.0,0.62,0.6,0.38,0.0,0.55,6.48,3.11,7.03,DEF,18,29,,97,21,34,13,44,25,62,58,36,95,,,32,,2,77,3,39,37,171314
411,O'Reilly,MCI,DEF,2643,,,,,0.17,0.23,1.4,0.48,1.09,3.51,0.14,0.09,0.68,0.2,0.72,0.5,1.29,0.0,2.28,3.58,3.68,5.86,DEF,83,98,,94,99,96,84,20,51,16,97,72,99,,,81,,81,96,96,59,37,472769
413,Marmoush,MCI,MID,691,,,,,0.39,0.49,3.91,1.17,2.74,6.9,0.39,0.1,1.17,0.39,0.81,0.1,0.52,1.43,1.69,0.78,2.6,5.08,ATT,96,96,,14,93,99,85,20,17,7,93,66,93,,,53,,57,88,94,28,74,438234
414,Foden,MCI,MID,2078,,,,,0.3,0.29,2.38,0.82,1.3,4.07,0.22,0.21,2.12,0.48,0.86,0.49,1.3,4.37,1.47,1.04,4.42,6.93,ATT,76,65,,96,74,79,92,42,60,13,76,96,95,,,91,,46,79,66,55,98,209244
415,Savinho,MCI,MID,817,,,,,0.11,0.36,2.09,0.77,2.09,8.7,0.22,0.18,0.88,0.0,0.62,0.29,4.19,0.44,0.99,1.21,4.3,6.5,ATT,76,87,,69,82,69,7,35,56,20,74,46,81,,,85,,28,40,99,95,58,510281
416,Bernardo,MCI,MID,2869,,,,,0.06,0.09,0.94,0.22,0.69,2.95,0.13,0.13,1.35,0.22,0.79,0.61,1.32,1.73,1.69,1.94,4.58,8.22,ATT,47,37,,98,27,19,61,59,64,54,16,74,92,,,66,,57,22,45,56,79,165809
417,Cherki,MCI,MID,1772,,,,,0.2,0.24,2.79,0.66,1.78,7.52,0.66,0.45,2.44,0.97,1.06,0.57,1.88,3.3,1.32,0.81,4.72,6.86,ATT,99,82,,98,68,89,99,41,69,8,62,98,99,,,99,,40,63,96,70,93,466052
418,Doku,MCI,MID,1773,,,,,0.25,0.2,1.98,0.76,1.32,9.85,0.41,0.3,2.74,0.66,0.96,0.49,2.94,0.05,1.17,0.76,4.47,6.4,ATT,96,67,,96,61,65,98,34,61,6,72,99,97,,,98,,34,71,99,89,42,248875
419,Grealish,EVE,MID,1627,,,,,0.11,0.17,1.44,0.44,1.05,5.81,0.33,0.19,1.77,0.28,0.51,0.18,2.16,0.11,1.11,1.49,4.87,7.47,ATT,92,54,,36,53,42,73,50,76,35,41,89,61,,,88,,31,40,89,74,49,114283
421,Rodrigo,MCI,MID,1510,,,,,0.06,0.07,1.01,0.12,0.54,1.55,0.06,0.15,1.49,0.12,0.72,0.64,0.36,0.0,2.5,3.4,6.38,12.28,ATT,19,26,,99,20,22,36,94,97,84,7,80,87,,,75,,83,22,22,20,21,220566
423,N.Gonzalez,MCI,MID,1561,,,,,0.06,0.04,0.81,0.12,0.17,0.98,0.0,0.06,0.63,0.06,0.85,0.82,0.17,0.0,2.42,4.27,5.19,11.88,ATT,6,7,,99,7,15,20,93,84,93,7,26,95,,,30,,80,22,13,11,21,465694
424,Bobb,FUL,MID,1030,,,,,0.0,0.12,1.05,0.26,1.05,6.03,0.17,0.18,1.83,0.09,0.5,0.31,0.87,0.52,1.83,1.05,3.76,6.64,ATT,61,54,,74,38,23,29,38,44,14,21,90,59,,,85,,64,7,90,45,60,477555
427,Reijnders,MCI,MID,1623,,,,,0.28,0.27,2.72,0.83,1.55,3.99,0.17,0.13,0.83,0.22,0.73,0.4,1.11,1.94,0.55,1.77,3.22,5.55,ATT,61,74,,89,72,88,61,24,31,46,77,42,88,,,66,,9,77,65,50,81,433036
430,Haaland,MCI,FWD,2953,,,,,0.82,0.78,3.81,1.74,3.41,6.49,0.24,0.08,0.52,0.27,1.0,0.16,0.09,0.0,0.46,1.46,1.25,3.17,ATT,80,99,,31,99,99,71,4,2,34,99,18,99,,,43,,7,99,93,5,21,223094
436,De Ligt,MUN,DEF,1170,,,,,0.08,0.1,0.85,0.23,0.85,1.38,0.0,0.06,0.23,0.15,0.22,0.18,0.38,0.0,1.46,6.77,3.08,8.23,DEF,18,90,,31,83,79,74,61,23,67,70,27,26,,,63,,39,77,52,39,37,209365
437,Martinez,MUN,DEF,1229,,,,,0.0,0.01,0.44,0.0,0.07,0.37,0.0,0.04,0.37,0.07,0.49,0.48,0.15,0.0,1.39,6.3,4.98,7.69,DEF,18,8,,93,12,39,49,55,92,61,10,49,89,,,43,,31,25,5,22,37,221820
438,Mazraoui,MUN,DEF,977,,,,,0.0,0.02,0.46,0.0,0.09,1.29,0.0,0.03,0.55,0.0,0.52,0.5,1.2,0.0,2.58,6.08,4.24,8.66,DEF,18,11,,94,21,41,13,68,71,56,10,65,92,,,32,,86,25,47,58,37,230001
440,Dalot,MUN,DEF,2609,,,,,0.03,0.08,0.83,0.21,0.48,1.62,0.21,0.09,0.9,0.17,0.45,0.33,1.97,0.0,1.83,4.38,4.66,6.21,DEF,94,68,,77,72,76,79,31,86,30,66,83,85,,,81,,61,54,64,70,37,216051
441,Dorgu,MUN,DEF,1440,,,,,0.25,0.19,1.56,0.62,1.0,4.38,0.25,0.12,1.44,0.38,0.44,0.12,3.56,0.0,3.0,3.12,4.81,6.12,DEF,96,95,,9,98,98,96,28,89,10,99,96,84,,,91,,97,98,98,93,37,596777
442,Maguire,MUN,DEF,1649,,,,,0.05,0.06,0.76,0.22,0.76,1.47,0.11,0.03,0.11,0.11,0.28,0.28,0.22,0.0,1.2,7.04,3.38,8.24,DEF,73,87,,68,60,67,63,62,37,72,68,10,48,,,32,,23,67,60,32,37,95658
443,Shaw,MUN,DEF,3220,,,,,0.03,0.02,0.28,0.06,0.17,0.81,0.03,0.06,0.42,0.03,0.32,0.3,1.17,0.31,2.1,4.16,2.93,6.26,DEF,39,19,,73,21,18,30,32,17,26,28,52,62,,,63,,74,54,25,57,84,106760
444,Yoro,MUN,DEF,1730,,,,,0.0,0.06,0.47,0.16,0.47,1.14,0.05,0.03,0.21,0.0,0.24,0.23,0.16,0.0,1.56,6.55,3.8,8.12,DEF,47,67,,48,60,43,13,59,54,64,56,23,32,,,32,,45,25,38,25,37,550864
447,Heaven,MUN,DEF,920,,,,,0.0,0.02,0.39,0.0,0.29,0.78,0.1,0.02,0.1,0.1,0.41,0.36,0.1,0.0,2.15,6.95,3.82,9.1,DEF,68,37,,83,21,31,60,76,55,69,10,8,80,,,18,,76,25,23,15,37,606745
449,B.Fernandes,MUN,MID,3065,,,,,0.26,0.22,2.5,0.7,1.09,2.67,0.7,0.36,3.38,0.97,0.76,0.34,3.11,3.67,1.56,1.97,4.9,8.43,ATT,99,57,,82,64,82,99,62,77,55,65,99,89,,,99,,51,72,41,91,95,141746
450,Cunha,MUN,MID,2493,,,,,0.36,0.26,3.25,1.19,1.55,4.95,0.14,0.12,1.16,0.14,0.64,0.36,1.62,0.25,1.41,1.66,4.55,7.62,ATT,52,74,,85,71,95,41,52,63,43,94,66,83,,,61,,44,84,80,64,54,430871
452,Amad,MUN,MID,2339,,,,,0.08,0.22,2.08,0.77,1.42,5.35,0.19,0.18,1.46,0.27,0.72,0.39,1.27,0.58,1.46,1.85,4.31,7.62,ATT,68,71,,88,64,68,71,52,57,51,74,79,87,,,85,,46,28,85,54,63,493250
453,Garnacho,CHE,MID,1261,,,,,0.07,0.29,2.36,0.5,1.71,7.99,0.29,0.26,1.78,0.43,0.92,0.47,4.21,0.0,1.14,0.71,3.21,5.07,ATT,88,79,,94,74,78,90,19,31,5,47,89,96,,,96,,32,25,98,96,21,493105
455,Mount,MUN,MID,1010,,,,,0.27,0.16,1.69,0.45,1.07,3.3,0.0,0.14,1.16,0.09,0.59,0.41,1.16,0.98,2.14,1.69,5.26,9.09,ATT,6,55,,90,51,53,29,67,86,44,42,66,74,,,70,,74,74,50,50,68,184341
456,Sancho,AVL,MID,863,,,,,0.0,0.08,1.04,0.31,0.73,5.84,0.21,0.2,1.98,0.31,0.54,0.34,2.19,0.73,0.73,1.15,2.71,4.59,ATT,74,40,,82,24,23,77,12,20,18,29,94,67,,,89,,16,7,89,75,65,209243
457,Casemiro,MUN,MID,2575,,,,,0.31,0.23,1.82,0.59,1.05,2.34,0.14,0.11,1.19,0.14,0.57,0.42,0.59,0.0,3.15,4.54,4.72,12.41,ATT,52,54,,92,66,58,41,96,69,94,58,68,72,,,56,,94,80,36,31,21,61256
458,Mainoo,MUN,MID,1653,,,,,0.05,0.03,0.71,0.16,0.11,1.52,0.11,0.07,1.09,0.05,0.56,0.53,0.71,0.05,1.96,3.05,5.17,10.18,ATT,37,4,,97,5,10,17,80,83,79,11,62,71,,,36,,68,18,21,37,42,516895
459,Ugarte,MUN,MID,876,,,,,0.0,0.09,1.34,0.1,0.51,0.92,0.0,0.02,0.31,0.0,0.4,0.32,0.1,0.0,4.73,4.62,5.24,14.59,ATT,6,24,,77,27,37,7,99,85,95,6,6,36,,,5,,99,7,12,6,21,232112
466,Zirkzee,MUN,FWD,607,,,,,0.3,0.57,3.71,1.19,3.11,7.12,0.15,0.05,1.48,0.3,0.99,0.39,0.74,0.0,1.33,2.08,3.11,6.52,ATT,56,99,,88,96,98,76,36,28,59,94,80,98,,,23,,41,79,95,39,21,458249
469,Pope,NEW,GKP,2416,3.32,0.26,-0.19,15.42,,,,,,,,,,,,,,,,,,,GKP,,,56,,,,,,,,,,,76,88,,20,,,,,,98747
470,Dúbravka,BUR,GKP,3150,3.63,0.11,0.01,12.46,,,,,,,,,,,,,,,,,,,GKP,,,16,,,,,,,,,,,24,95,,50,,,,,,67089
473,Hall,NEW,DEF,2176,,,,,0.04,0.05,1.03,0.25,0.33,2.07,0.08,0.11,0.99,0.21,0.37,0.31,2.81,2.15,2.23,4.92,5.54,7.16,DEF,60,44,,75,50,89,86,45,98,39,77,90,72,,,88,,79,63,81,86,94,487838
474,Schär,NEW,DEF,1089,,,,,0.0,0.08,1.4,0.33,0.58,1.57,0.0,0.05,0.33,0.0,0.26,0.25,0.33,0.17,1.16,8.35,3.47,9.5,DEF,18,74,,55,72,96,13,82,40,85,89,41,40,,,54,,20,25,63,36,83,119471
475,Botman,NEW,DEF,1834,,,,,0.05,0.08,0.79,0.15,0.69,2.06,0.05,0.04,0.34,0.15,0.3,0.28,0.1,0.0,1.03,9.57,4.37,10.6,DEF,47,81,,68,72,70,74,92,77,95,52,44,57,,,43,,14,67,80,15,37,220237
476,Burn,NEW,DEF,2195,,,,,0.04,0.04,0.41,0.12,0.37,1.85,0.12,0.01,0.21,0.0,0.21,0.2,0.57,0.0,1.64,7.59,3.12,9.23,DEF,76,53,,37,40,33,13,79,26,77,43,23,22,,,6,,48,63,74,48,37,78916
477,Livramento,NEW,DEF,1326,,,,,0.0,0.01,0.2,0.0,0.07,1.22,0.07,0.06,0.61,0.07,0.42,0.38,2.44,0.0,1.49,3.12,5.5,4.62,DEF,56,8,,85,12,11,49,7,96,10,10,68,81,,,63,,42,25,41,81,37,441191
478,Trippier,NEW,DEF,1586,,,,,0.0,0.01,0.11,0.0,0.0,0.34,0.06,0.12,1.53,0.06,0.29,0.27,3.29,3.58,1.42,3.23,4.2,4.65,DEF,52,3,,64,12,7,44,9,67,12,10,97,53,,,91,,36,25,3,91,98,77794
485,Gordon,NEW,MID,1798,,,,,0.3,0.32,2.4,1.0,1.5,4.2,0.2,0.17,1.2,0.25,0.55,0.2,3.4,0.25,0.95,0.8,2.8,4.56,ATT,72,73,,44,78,80,69,12,23,8,88,69,69,,,82,,26,79,68,93,54,232826
486,Elanga,NEW,MID,1302,,,,,0.0,0.1,1.18,0.28,0.83,4.08,0.07,0.12,0.97,0.14,0.3,0.13,4.7,1.04,0.97,0.62,2.21,3.8,ATT,22,45,,22,31,31,41,8,12,4,24,53,16,,,61,,27,7,66,98,70,449434
487,Barnes,NEW,MID,1951,,,,,0.32,0.37,2.68,0.97,1.71,6.53,0.05,0.13,1.03,0.19,0.59,0.19,3.45,0.09,0.6,0.92,3.09,4.61,ATT,16,79,,40,83,87,55,13,28,10,86,58,74,,,66,,10,81,93,93,47,201666
488,Bruno G.,NEW,MID,2456,,,,,0.33,0.19,1.54,0.84,0.73,2.02,0.26,0.18,1.43,0.26,0.52,0.34,1.61,1.94,2.27,2.02,4.91,9.2,ATT,84,40,,82,57,48,69,68,78,58,78,77,64,,,85,,77,83,32,63,81,208706
489,J.Murphy,NEW,MID,1606,,,,,0.17,0.17,2.35,0.73,1.12,3.19,0.11,0.15,1.18,0.56,0.47,0.15,6.67,0.5,0.9,1.51,2.63,5.04,ATT,37,60,,29,53,77,96,18,18,36,69,67,52,,,75,,20,57,49,99,59,114243
490,Joelinton,NEW,MID,1950,,,,,0.09,0.1,1.48,0.51,1.02,2.54,0.05,0.06,0.74,0.14,0.46,0.33,0.46,0.0,1.98,3.37,5.63,10.98,ATT,16,53,,79,31,45,41,84,91,84,49,32,49,,,30,,69,33,39,26,21,180974
491,Tonali,NEW,MID,2534,,,,,0.0,0.05,1.31,0.28,0.28,0.89,0.07,0.1,1.07,0.21,0.38,0.3,1.85,2.31,1.24,2.66,5.22,9.13,ATT,22,12,,72,12,34,60,67,85,72,24,60,31,,,53,,36,7,11,69,85,432422
493,Longstaff,LEE,MID,1003,,,,,0.18,0.12,1.44,0.36,0.81,1.79,0.18,0.17,2.06,0.54,0.31,0.16,2.06,4.31,3.41,2.6,3.86,9.87,ATT,64,43,,31,38,42,96,77,48,70,33,95,18,,,82,,96,59,28,73,97,180135
494,Willock,NEW,MID,972,,,,,0.0,0.13,1.57,0.56,0.93,3.98,0.19,0.1,1.02,0.37,0.47,0.32,1.39,0.0,1.85,1.57,4.81,8.24,ATT,68,49,,77,42,50,84,60,73,39,56,57,52,,,53,,65,7,64,59,21,200089
497,L.Miley,NEW,MID,1493,,,,,0.06,0.08,0.72,0.24,0.48,1.51,0.24,0.13,0.66,0.18,0.42,0.36,1.39,1.21,1.75,3.44,4.16,9.34,ATT,80,23,,85,24,11,52,72,53,85,19,30,42,,,66,,59,22,20,59,72,547719
499,Isak,LIV,FWD,694,,,,,0.39,0.42,2.2,0.78,1.95,3.89,0.13,0.01,0.13,0.13,0.55,0.13,0.26,0.0,0.91,1.3,1.69,3.89,ATT,47,85,,22,87,72,38,9,7,25,74,2,69,,,2,,22,88,63,15,21,219168
500,Osula,NEW,FWD,805,,,,,0.78,0.55,2.57,1.34,1.9,4.36,0.11,0.07,0.67,0.0,0.57,0.04,0.34,0.11,0.67,0.22,2.57,3.47,ATT,37,83,,2,96,85,7,6,17,1,97,31,72,,,36,,14,99,70,18,49,538207
502,Sels,NFO,GKP,2667,3.21,0.24,0.21,14.54,,,,,,,,,,,,,,,,,,,GKP,,,44,,,,,,,,,,,52,80,,95,,,,,,85633
505,Milenković,NFO,DEF,3375,,,,,0.0,0.01,0.43,0.03,0.32,0.93,0.03,0.02,0.08,0.03,0.22,0.21,0.05,0.0,0.8,7.49,2.85,8.29,DEF,39,42,,42,12,36,30,63,15,75,20,6,26,,,18,,7,25,29,9,37,227444
506,Murillo,NFO,DEF,2130,,,,,0.04,0.03,0.55,0.17,0.21,0.42,0.0,0.02,0.34,0.04,0.27,0.26,0.13,0.13,1.48,7.94,4.31,9.42,DEF,18,23,,58,30,51,36,81,76,82,58,44,44,,,18,,40,63,5,18,81,575476
507,Aina,NFO,DEF,1587,,,,,0.0,0.02,0.68,0.06,0.23,0.57,0.11,0.05,0.51,0.0,0.22,0.2,2.16,0.06,1.76,5.61,4.59,7.37,DEF,73,25,,37,21,63,13,50,83,50,28,60,26,,,54,,55,25,11,73,77,159506
508,N.Williams,NFO,DEF,3203,,,,,0.06,0.05,1.29,0.53,0.42,1.91,0.08,0.11,0.93,0.14,0.34,0.25,3.4,0.7,2.7,4.24,4.61,6.94,DEF,60,62,,55,50,94,70,42,83,28,98,87,66,,,88,,91,71,77,93,90,215136
511,Morato,NFO,DEF,1340,,,,,0.07,0.13,0.34,0.13,0.27,0.81,0.0,0.01,0.13,0.0,0.3,0.26,0.13,0.0,2.01,7.66,3.49,9.67,DEF,18,33,,58,91,24,13,84,41,79,46,12,57,,,6,,71,74,25,18,37,485047
515,Gibbs-White,NFO,MID,3101,,,,,0.44,0.32,2.41,0.93,1.57,3.66,0.12,0.08,1.31,0.15,0.5,0.16,1.25,0.2,0.58,1.39,3.19,5.17,ATT,41,75,,31,78,80,45,21,30,30,84,73,59,,,43,,10,89,58,54,52,222531
516,Hudson-Odoi,NFO,MID,1838,,,,,0.15,0.14,1.47,0.49,0.88,3.23,0.2,0.15,1.96,0.24,0.54,0.28,4.26,0.39,0.69,1.18,3.33,5.19,ATT,72,47,,66,45,45,66,22,34,19,46,92,67,,,75,,14,53,49,96,56,209046
517,Anderson,NFO,MID,3332,,,,,0.11,0.07,1.19,0.27,0.46,1.67,0.14,0.13,1.35,0.24,0.44,0.32,2.7,3.11,2.78,2.86,8.27,13.91,ATT,52,21,,77,20,32,66,98,99,77,23,74,46,,,66,,89,40,26,85,91,215379
519,Dominguez,NFO,MID,1168,,,,,0.08,0.08,1.39,0.31,0.62,1.31,0.08,0.06,0.77,0.15,0.42,0.33,0.85,0.31,4.32,2.23,4.47,11.02,ATT,25,33,,79,24,39,45,85,61,62,29,35,42,,,30,,98,28,16,44,55,250199
521,Sangaré,NFO,MID,2073,,,,,0.09,0.07,0.69,0.22,0.17,0.78,0.09,0.08,0.43,0.09,0.32,0.23,0.35,0.0,2.52,4.12,4.95,11.59,ATT,30,7,,51,20,9,29,90,79,91,16,11,21,,,43,,85,33,10,19,21,210462
522,Yates,NFO,MID,602,,,,,0.0,0.1,1.35,0.15,0.6,1.5,0.3,0.06,0.45,0.0,0.49,0.41,0.6,0.0,2.39,5.23,2.69,10.32,ATT,90,31,,90,31,38,7,81,19,99,10,13,55,,,30,,80,7,20,32,21,204968
525,Wood,NFO,FWD,896,,,,,0.3,0.34,2.31,0.9,2.21,3.72,0.0,0.03,0.5,0.0,0.33,0.05,0.1,0.0,0.1,1.41,1.41,2.91,ATT,6,90,,3,80,76,7,2,3,30,82,17,23,,,10,,1,79,60,6,21,60689
526,Igor Jesus,NFO,FWD,2293,,,,,0.24,0.25,2.75,0.82,2.32,4.87,0.24,0.05,0.43,0.2,0.33,0.07,0.39,0.0,0.94,1.49,2.39,4.83,ATT,80,91,,6,69,88,58,16,14,35,76,11,23,,,23,,24,69,78,22,21,482973
531,Ballard,SUN,DEF,2144,,,,,0.08,0.16,1.05,0.38,1.01,3.02,0.08,0.03,0.63,0.13,0.2,0.11,0.04,0.0,1.39,9.7,2.9,11.08,DEF,60,96,,7,95,91,68,94,17,96,94,70,20,,,32,,31,77,94,7,37,223827
532,Hume,SUN,DEF,3032,,,,,0.06,0.08,1.04,0.21,0.53,1.4,0.03,0.06,0.83,0.03,0.24,0.12,1.96,1.07,2.02,4.01,3.03,6.03,DEF,39,71,,9,72,91,30,24,21,23,66,81,32,,,63,,72,71,54,69,91,487676
541,Reinildo,SUN,DEF,1966,,,,,0.0,0.01,0.18,0.0,0.09,0.69,0.09,0.03,0.23,0.0,0.18,0.17,1.05,0.0,1.79,5.72,4.12,7.51,DEF,64,11,,28,12,10,13,50,65,51,10,27,15,,,32,,57,25,15,54,37,434399
543,Adingra,SUN,MID,649,,,,,0.14,0.05,0.83,0.28,0.69,2.22,0.14,0.09,0.97,0.28,0.27,0.15,3.74,0.0,1.53,1.8,2.91,6.24,ATT,52,37,,29,12,15,73,33,25,49,24,53,11,,,49,,48,50,34,95,21,535818
544,Diarra,SUN,MID,1403,,,,,0.13,0.16,1.67,0.45,1.09,2.95,0.38,0.05,0.32,0.06,0.26,0.12,2.05,0.0,0.9,1.09,3.08,5.07,ATT,95,57,,19,51,51,20,19,27,16,42,6,10,,,23,,20,47,45,72,21,547027
547,E.Le Fée,SUN,MID,2930,,,,,0.15,0.07,1.11,0.37,0.55,1.9,0.18,0.18,1.44,0.4,0.4,0.22,1.75,2.06,2.73,2.37,4.7,9.8,ATT,64,27,,49,20,27,86,75,68,65,35,78,36,,,85,,89,53,31,66,82,484420
551,Rigg,SUN,MID,758,,,,,0.12,0.1,1.42,0.36,0.95,2.37,0.12,0.11,0.95,0.24,0.23,0.09,1.31,0.0,1.54,1.78,3.44,6.77,ATT,41,50,,10,31,41,66,40,36,47,33,50,7,,,56,,49,44,37,55,21,554197
552,Sadiki,SUN,MID,2891,,,,,0.0,0.05,0.59,0.16,0.31,1.12,0.06,0.05,0.56,0.0,0.26,0.2,0.65,0.0,1.43,2.77,3.52,7.72,ATT,19,14,,44,12,7,7,54,39,74,11,22,10,,,23,,44,7,14,34,21,577669
553,Talbi,SUN,MID,1553,,,,,0.23,0.13,1.45,0.52,0.87,2.78,0.12,0.07,0.64,0.0,0.19,0.07,2.78,0.06,0.64,1.16,3.54,5.33,ATT,41,46,,6,42,44,7,23,39,18,51,28,3,,,36,,12,67,42,87,45,549912
560,Isidor,SUN,FWD,1148,,,,,0.47,0.44,3.37,1.25,2.98,5.25,0.08,0.03,0.0,0.0,0.47,0.05,0.0,0.0,0.86,1.33,1.8,4.0,ATT,25,98,,3,89,96,7,9,8,27,96,2,52,,,10,,19,91,84,2,21,437505
561,Mayenda,SUN,FWD,751,,,,,0.24,0.24,1.56,0.72,1.32,3.72,0.0,0.03,0.48,0.24,0.3,0.06,0.12,0.0,0.6,0.84,1.68,3.12,ATT,6,67,,5,68,49,66,4,7,9,68,15,16,,,10,,10,69,60,7,21,564406
565,Vicario,TOT,GKP,2790,2.68,0.23,-0.12,13.29,,,,,,,,,,,,,,,,,,,GKP,,,37,,,,,,,,,,,35,39,,27,,,,,,184254
567,Kinsky,TOT,GKP,630,1.43,0.29,-0.21,10.86,,,,,,,,,,,,,,,,,,,GKP,,,74,,,,,,,,,,,16,5,,16,,,,,,485055
568,Pedro Porro,TOT,DEF,2793,,,,,0.03,0.05,1.03,0.23,0.42,1.26,0.1,0.14,1.61,0.26,0.34,0.28,5.54,3.09,2.45,4.58,4.25,7.02,DEF,68,62,,68,50,89,91,43,73,33,70,98,66,,,95,,84,54,44,99,98,441164
569,Romero,TOT,DEF,1869,,,,,0.19,0.09,0.82,0.29,0.72,2.07,0.05,0.06,0.48,0.19,0.29,0.21,0.05,0.0,2.79,6.69,4.24,9.49,DEF,47,85,,42,79,74,82,81,71,66,85,59,53,,,63,,93,98,81,9,37,221632
570,Danso,TOT,DEF,1489,,,,,0.0,0.03,0.66,0.12,0.66,1.27,0.0,0.02,0.12,0.06,0.1,0.1,0.42,0.0,1.63,9.97,2.72,11.61,DEF,18,78,,5,30,60,44,99,13,99,43,11,4,,,18,,46,25,45,42,37,135720
573,Spence,TOT,DEF,2049,,,,,0.0,0.05,0.57,0.35,0.31,1.67,0.0,0.08,0.44,0.18,0.25,0.14,2.24,0.0,1.93,3.16,4.92,5.1,DEF,18,40,,15,50,52,80,12,91,11,92,55,36,,,75,,66,25,66,75,37,232859
574,Udogie,TOT,DEF,1335,,,,,0.0,0.01,0.27,0.07,0.27,2.63,0.07,0.05,0.74,0.13,0.35,0.29,1.82,0.0,2.09,2.49,4.72,4.58,DEF,56,33,,70,12,17,68,7,87,5,32,78,68,,,54,,74,25,91,68,37,487053
575,Van de Ven,TOT,DEF,3041,,,,,0.12,0.07,0.47,0.15,0.41,0.98,0.03,0.01,0.15,0.03,0.17,0.16,0.09,0.0,1.12,5.15,3.58,6.27,DEF,39,60,,24,67,43,30,33,46,43,52,15,13,,,6,,18,90,33,13,37,491279
580,Johnson,CRY,MID,1710,,,,,0.11,0.14,1.21,0.26,0.79,3.11,0.05,0.07,0.95,0.05,0.28,0.1,2.58,1.47,1.53,1.95,2.89,6.37,ATT,16,42,,14,45,33,17,34,24,55,21,50,12,,,36,,48,40,47,83,75,242898
582,Kudus,TOT,MID,1535,,,,,0.12,0.14,1.52,0.53,0.82,3.34,0.35,0.14,1.0,0.18,0.29,0.08,4.57,3.22,1.7,0.53,5.57,7.8,ATT,94,44,,8,45,47,52,55,90,4,53,56,14,,,70,,58,44,52,97,93,460842
584,Tel,TOT,MID,1334,,,,,0.27,0.19,2.36,0.54,1.48,4.59,0.13,0.16,1.96,0.34,0.42,0.18,3.1,3.51,1.35,1.28,4.86,7.49,ATT,47,72,,36,57,78,80,50,75,24,54,92,42,,,79,,42,74,75,91,94,511499
585,Bentancur,TOT,MID,1880,,,,,0.05,0.05,0.62,0.14,0.34,1.39,0.05,0.04,0.43,0.05,0.22,0.2,0.34,0.0,2.68,4.36,6.27,13.31,ATT,16,15,,44,12,7,17,97,96,93,9,11,6,,,16,,88,18,17,18,21,202993
586,Bergvall,TOT,MID,955,,,,,0.09,0.14,1.13,0.38,0.85,2.83,0.28,0.04,0.19,0.0,0.31,0.16,1.88,0.0,2.07,1.7,3.68,7.45,ATT,87,45,,31,45,27,7,49,42,45,37,3,18,,,16,,72,33,43,70,21,570526
587,Bissouma,TOT,MID,600,,,,,0.0,0.03,0.75,0.3,0.15,0.3,0.0,0.02,0.0,0.0,0.16,0.14,0.15,0.0,2.7,3.9,4.5,11.1,ATT,6,6,,26,5,12,7,86,62,88,27,2,2,,,5,,88,7,3,10,21,227127
588,Odobert,TOT,MID,972,,,,,0.0,0.23,1.94,0.74,1.2,3.8,0.19,0.11,1.67,0.19,0.55,0.27,2.59,0.0,0.93,1.3,4.91,7.13,ATT,68,61,,62,66,62,55,45,78,25,70,87,69,,,56,,23,7,62,83,21,550839
591,Gray,TOT,MID,1471,,,,,0.12,0.1,0.67,0.24,0.49,1.59,0.12,0.08,0.37,0.18,0.22,0.13,0.73,0.0,0.67,3.98,3.43,8.08,ATT,41,23,,22,31,9,52,58,35,88,19,9,6,,,43,,14,44,23,39,21,547701
593,P.M.Sarr,TOT,MID,1388,,,,,0.13,0.13,1.1,0.39,0.58,1.75,0.26,0.07,0.45,0.19,0.45,0.32,0.52,0.0,2.07,4.8,4.99,11.87,ATT,84,30,,77,42,26,55,92,80,98,38,13,48,,,36,,72,47,27,28,21,482442
596,Solanke,TOT,FWD,997,,,,,0.27,0.32,1.81,0.99,1.72,4.96,0.0,0.03,0.54,0.09,0.42,0.15,0.18,0.0,1.99,1.44,2.98,6.41,ATT,6,80,,29,78,58,29,35,25,32,87,20,42,,,10,,70,74,81,12,21,154566
597,Richarlison,TOT,FWD,1954,,,,,0.51,0.45,2.81,1.2,2.58,5.76,0.18,0.07,0.74,0.23,0.52,0.1,0.83,0.0,1.24,2.76,2.76,6.77,ATT,64,96,,14,90,90,63,40,21,74,95,32,64,,,36,,36,93,88,42,21,212319
600,Areola,WHU,GKP,1800,3.85,0.0,-0.08,11.0,,,,,,,,,,,,,,,,,,,GKP,,,7,,,,,,,,,,,20,99,,33,,,,,,84182
603,Diouf,WHU,DEF,2706,,,,,0.0,0.02,0.6,0.1,0.27,1.0,0.2,0.08,0.8,0.17,0.23,0.17,3.36,0.37,1.46,5.35,4.16,6.82,DEF,93,33,,28,21,56,79,41,66,48,39,80,29,,,75,,39,25,34,92,85,613804
605,Kilman,WHU,DEF,1559,,,,,0.0,0.07,0.4,0.06,0.35,0.75,0.0,0.01,0.23,0.0,0.07,0.07,0.17,0.0,0.92,8.31,2.48,9.24,DEF,18,49,,2,67,32,13,79,10,84,28,27,2,,,6,,8,25,20,27,37,214048
606,Mavropanos,WHU,DEF,2532,,,,,0.11,0.1,0.89,0.28,0.71,1.42,0.0,0.02,0.14,0.0,0.16,0.15,0.14,0.0,1.42,9.7,3.66,11.13,DEF,18,83,,20,83,82,13,96,50,96,83,13,10,,,18,,36,88,57,20,37,233963
608,Scarles,WHU,DEF,656,,,,,0.0,0.03,0.41,0.0,0.41,0.96,0.14,0.04,0.69,0.41,0.22,0.09,2.2,3.02,4.12,6.04,4.8,10.15,DEF,83,60,,4,30,33,98,86,88,55,10,74,26,,,43,,99,25,31,74,97,536109
609,Todibo,WHU,DEF,1817,,,,,0.0,0.03,0.1,0.0,0.1,0.45,0.05,0.02,0.2,0.0,0.09,0.08,0.15,0.0,1.83,6.34,4.41,8.17,DEF,47,13,,3,30,6,13,60,79,62,10,21,3,,,18,,61,25,6,22,37,462116
610,Wan-Bissaka,WHU,DEF,2080,,,,,0.0,0.0,0.0,0.0,0.0,0.65,0.13,0.04,0.69,0.09,0.17,0.13,1.82,0.0,1.43,6.1,3.25,7.53,DEF,79,3,,13,4,2,56,51,33,58,10,74,13,,,43,,37,25,14,68,37,214590
612,L.Paquetá,WHU,MID,1513,,,,,0.24,0.05,1.37,0.65,0.48,1.49,0.12,0.12,1.31,0.36,0.25,0.09,1.43,1.01,2.38,1.78,4.52,8.68,ATT,41,23,,10,12,39,83,64,62,47,61,73,9,,,61,,79,69,19,61,68,224024
613,Souček,WHU,MID,2190,,,,,0.21,0.21,1.03,0.53,0.9,2.34,0.08,0.02,0.45,0.04,0.3,0.19,0.58,0.0,1.77,4.73,2.71,9.21,ATT,25,47,,40,63,22,15,69,20,96,53,13,16,,,5,,60,65,36,30,21,215439
614,Ward-Prowse,BUR,MID,1092,,,,,0.0,0.01,0.41,0.16,0.0,0.08,0.08,0.15,1.81,0.66,0.29,0.25,2.14,5.6,1.32,3.63,4.04,8.98,ATT,25,2,,57,2,3,98,66,51,85,11,90,14,,,75,,40,7,1,74,99,101178
615,Summerville,WHU,MID,2470,,,,,0.18,0.21,1.97,0.55,1.38,4.23,0.15,0.12,0.95,0.15,0.4,0.14,1.17,1.17,1.64,1.82,4.37,7.83,ATT,56,69,,26,63,64,45,55,58,50,55,50,36,,,61,,55,59,69,51,72,450070
623,Potts,WHU,MID,1162,,,,,0.0,0.02,0.23,0.08,0.23,0.62,0.08,0.08,0.54,0.15,0.25,0.18,0.85,2.32,2.25,3.95,3.02,9.22,ATT,25,10,,36,3,1,45,69,26,88,5,20,9,,,43,,76,7,7,44,85,490142
624,Bowen,WHU,FWD,3406,,,,,0.24,0.2,2.09,0.71,1.37,4.36,0.34,0.14,0.9,0.42,0.38,0.1,2.43,1.59,1.29,1.93,4.2,7.43,ATT,93,69,,14,61,69,88,48,55,53,67,47,31,,,70,,39,69,70,80,76,178186
627,Johnstone,WOL,GKP,1080,3.25,0.0,-0.45,9.75,,,,,,,,,,,,,,,,,,,GKP,,,7,,,,,,,,,,,12,84,,9,,,,,,101982
628,José Sá,WOL,GKP,2070,2.83,0.17,-0.08,13.17,,,,,,,,,,,,,,,,,,,GKP,,,20,,,,,,,,,,,31,46,,33,,,,,,149065
631,Agbadou,WOL,DEF,1100,,,,,0.0,0.04,0.82,0.25,0.49,0.98,0.0,0.03,0.33,0.0,0.14,0.13,1.15,0.08,2.62,7.61,5.32,10.23,DEF,18,70,,13,40,74,13,88,95,78,77,41,5,,,32,,88,25,33,57,78,516939
632,Doherty,WOL,DEF,786,,,,,0.0,0.01,0.34,0.0,0.11,0.8,0.0,0.02,0.34,0.11,0.03,0.01,0.8,0.0,1.83,5.73,3.21,7.56,DEF,18,15,,2,12,24,63,53,31,52,10,44,2,,,18,,61,25,24,52,37,87835
633,H.Bueno,WOL,DEF,2359,,,,,0.04,0.03,0.61,0.23,0.31,1.79,0.11,0.13,1.37,0.23,0.21,0.11,4.81,2.25,2.44,4.12,4.39,6.56,DEF,73,40,,7,30,57,87,36,78,26,70,95,22,,,93,,83,63,72,98,95,490721
634,Mosquera,WOL,DEF,2137,,,,,0.0,0.12,1.35,0.25,1.14,2.27,0.0,0.03,0.46,0.04,0.25,0.16,0.8,0.0,2.53,6.7,3.92,9.22,DEF,18,98,,24,88,95,36,78,61,67,77,57,36,,,32,,85,25,87,52,37,501837
635,R.Gomes,WOL,DEF,954,,,,,0.28,0.22,1.98,0.57,1.7,4.72,0.0,0.04,0.28,0.0,0.32,0.1,2.26,0.0,2.08,2.17,3.11,4.25,DEF,18,99,,5,98,99,13,5,25,2,98,34,62,,,43,,73,99,98,76,37,483081
636,S.Bueno,WOL,DEF,2552,,,,,0.11,0.07,0.35,0.25,0.35,1.45,0.07,0.05,0.32,0.04,0.15,0.14,0.21,0.0,1.8,5.82,2.33,7.62,DEF,56,49,,15,67,26,36,54,7,53,77,39,7,,,54,,58,88,58,31,37,231480
637,Toti,WOL,DEF,1423,,,,,0.0,0.06,0.32,0.13,0.25,0.57,0.0,0.02,0.38,0.0,0.14,0.13,0.7,0.0,1.45,7.59,3.35,9.04,DEF,18,29,,13,60,20,13,75,36,77,46,50,5,,,18,,38,25,11,50,37,510362
642,Hee Chan,WOL,MID,1439,,,,,0.13,0.12,1.19,0.38,0.69,1.81,0.13,0.1,0.81,0.19,0.32,0.11,0.81,0.56,0.63,1.81,3.56,6.0,ATT,47,37,,17,38,32,55,29,40,50,37,39,21,,,53,,11,47,29,41,62,184754
643,André,WOL,MID,2760,,,,,0.03,0.02,0.49,0.03,0.03,0.2,0.0,0.03,0.59,0.03,0.2,0.18,0.72,0.95,2.64,2.93,6.91,12.49,ATT,6,2,,36,3,5,14,96,99,77,2,24,4,,,10,,87,14,2,38,67,509291
644,Bellegarde,WOL,MID,1239,,,,,0.07,0.06,1.53,0.51,0.36,1.82,0.07,0.08,0.87,0.15,0.38,0.25,1.45,0.73,2.03,2.4,3.2,7.63,ATT,22,16,,57,16,47,45,52,30,65,49,45,31,,,43,,71,25,30,61,65,231057
646,J.Gomes,WOL,MID,2829,,,,,0.03,0.04,0.57,0.22,0.22,1.15,0.06,0.07,0.48,0.06,0.2,0.16,1.02,0.1,3.4,2.77,6.14,12.31,ATT,19,9,,31,7,6,20,95,96,74,16,15,4,,,36,,95,14,15,47,48,448089
648,Munetsi,WOL,MID,872,,,,,0.1,0.19,1.44,0.62,1.24,3.82,0.21,0.04,0.21,0.1,0.32,0.1,1.44,0.0,2.17,4.03,2.06,8.26,ATT,74,62,,14,57,42,33,61,10,89,60,3,21,,,16,,75,37,62,61,21,433312
654,Strand Larsen,CRY,FWD,2301,,,,,0.16,0.2,1.72,0.55,1.41,3.79,0.04,0.04,0.35,0.04,0.28,0.1,0.12,0.0,0.35,1.92,1.45,3.72,ATT,13,70,,14,61,55,15,8,4,52,55,7,12,,,16,,4,56,61,7,21,247412
659,Walker-Peters,WHU,DEF,1378,,,,,0.07,0.08,0.33,0.2,0.33,1.24,0.0,0.02,0.46,0.07,0.32,0.23,1.31,0.0,2.87,3.2,3.85,6.07,DEF,18,44,,48,72,22,49,28,57,12,64,57,62,,,18,,95,74,43,60,37,158534
660,Stach,LEE,MID,2369,,,,,0.19,0.11,2.09,0.49,0.72,2.09,0.23,0.17,2.24,0.34,0.39,0.24,2.28,5.05,2.47,3.08,4.56,10.11,ATT,78,39,,53,35,69,80,78,64,80,46,97,33,,,82,,82,61,33,77,99,466525
661,Ekitiké,LIV,FWD,1797,,,,,0.55,0.6,3.26,0.95,2.4,6.81,0.2,0.12,0.85,0.15,0.82,0.24,0.4,0.0,0.55,1.6,2.1,4.26,ATT,72,92,,53,97,96,45,10,11,40,85,43,94,,,61,,9,95,94,23,21,510663
662,Mosquera,ARS,DEF,986,,,,,0.0,0.01,0.09,0.0,0.09,0.82,0.0,0.06,0.46,0.0,0.49,0.47,0.27,0.0,2.92,5.75,3.19,8.67,DEF,18,11,,92,12,5,13,69,29,52,10,57,89,,,63,,96,25,26,34,37,500040
663,J.Arias,WOL,MID,1117,,,,,0.08,0.27,1.29,0.24,0.73,3.14,0.0,0.05,0.89,0.0,0.39,0.11,1.37,1.69,3.46,1.93,4.67,10.07,ATT,6,40,,17,72,34,7,77,67,53,19,47,33,,,23,,96,28,48,58,78,230376
665,Perri,LEE,GKP,1440,2.38,0.19,-0.15,9.56,,,,,,,,,,,,,,,,,,,GKP,,,24,,,,,,,,,,,5,24,,24,,,,,,201595
666,Gyökeres,ARS,FWD,2217,,,,,0.57,0.47,2.23,0.89,2.03,5.76,0.04,0.08,0.77,0.16,0.6,0.13,0.32,0.0,0.28,0.93,2.23,3.45,ATT,13,85,,22,92,73,48,5,12,11,82,35,77,,,43,,2,97,88,17,21,224117
668,Xhaka,SUN,MID,2901,,,,,0.03,0.03,0.65,0.16,0.12,0.5,0.19,0.12,0.87,0.28,0.32,0.28,1.52,2.7,1.55,4.16,5.52,11.23,ATT,68,5,,66,5,8,73,87,89,91,11,45,21,,,61,,50,14,5,62,88,84450
669,Ndoye,NFO,MID,1167,,,,,0.08,0.09,1.16,0.31,0.69,4.01,0.15,0.12,1.0,0.15,0.31,0.14,2.93,0.39,1.7,1.85,3.86,7.4,ATT,56,37,,26,27,29,45,48,48,51,29,56,18,,,61,,58,28,65,88,56,456512
670,Roefs,SUN,GKP,3150,3.11,0.29,0.12,16.37,,,,,,,,,,,,,,,,,,,GKP,,,74,,,,,,,,,,,88,76,,80,,,,,,498016
671,Wilson,WHU,FWD,1234,,,,,0.51,0.55,2.77,1.17,2.33,6.2,0.15,0.04,0.51,0.07,0.5,0.05,0.36,0.0,0.29,0.73,1.97,2.99,ATT,56,92,,3,96,88,22,3,9,6,93,17,59,,,16,,3,93,92,20,21,75115
672,Hato,CHE,DEF,1139,,,,,0.0,0.03,0.32,0.0,0.24,1.11,0.0,0.05,0.63,0.08,0.49,0.46,0.55,0.0,2.84,4.98,3.95,7.82,DEF,18,27,,91,30,20,53,56,62,40,10,70,89,,,54,,94,25,37,48,37,551210
673,J.Palhinha,TOT,MID,2192,,,,,0.21,0.14,1.35,0.37,0.7,1.85,0.12,0.03,0.25,0.04,0.2,0.14,0.16,0.0,4.52,4.11,3.78,12.4,ATT,41,39,,26,45,38,15,95,45,90,35,4,4,,,10,,99,65,30,11,21,154296
674,Ramsdale,NEW,GKP,1003,2.24,0.09,0.16,9.6,,,,,,,,,,,,,,,,,,,GKP,,,12,,,,,,,,,,,9,16,,90,,,,,,225321
676,Ugochukwu,BUR,MID,2330,,,,,0.12,0.1,0.85,0.31,0.54,1.55,0.12,0.02,0.35,0.0,0.28,0.19,0.27,0.0,1.97,2.43,3.86,8.27,ATT,41,26,,40,31,17,7,62,48,66,29,7,12,,,5,,69,44,22,15,21,503714
677,Guessand,CRY,MID,909,,,,,0.1,0.18,1.09,0.5,1.09,3.96,0.3,0.08,0.3,0.2,0.37,0.13,1.09,0.0,2.38,1.58,4.26,8.22,ATT,90,57,,22,55,25,58,59,56,39,47,5,29,,,43,,79,37,64,49,21,485337
679,Hermansen,WHU,GKP,1620,3.06,0.39,-0.22,15.67,,,,,,,,,,,,,,,,,,,GKP,,,91,,,,,,,,,,,80,73,,12,,,,,,467189
680,Broja,BUR,FWD,843,,,,,0.11,0.27,1.71,0.53,1.6,4.48,0.11,0.02,0.43,0.11,0.29,0.11,0.32,0.0,0.64,1.28,2.78,4.7,ATT,37,77,,17,72,55,34,14,22,24,53,11,14,,,5,,12,40,73,17,21,440323
681,Šeško,MUN,FWD,1630,,,,,0.61,0.69,3.37,1.82,2.93,5.25,0.11,0.02,0.44,0.0,0.79,0.09,0.11,0.0,0.28,1.1,2.15,3.53,ATT,37,97,,10,99,96,7,7,12,17,99,12,92,,,5,,2,98,84,6,21,485711
682,Møller Wolfe,WOL,DEF,1042,,,,,0.0,0.01,0.26,0.0,0.26,1.64,0.17,0.09,0.52,0.26,0.15,0.11,2.59,0.26,0.86,3.45,2.25,4.32,DEF,89,31,,7,12,15,91,6,5,15,10,62,7,,,81,,7,25,65,82,83,497949
683,Alderete,SUN,DEF,2797,,,,,0.03,0.05,0.77,0.29,0.55,1.51,0.03,0.03,0.26,0.03,0.15,0.12,0.35,0.0,1.03,9.01,3.31,10.04,DEF,39,73,,9,50,68,30,86,35,91,85,31,7,,,32,,14,54,61,38,37,201895
684,Thiaw,NEW,DEF,2963,,,,,0.12,0.18,0.85,0.33,0.79,1.52,0.0,0.03,0.18,0.03,0.28,0.26,0.24,0.0,1.34,7.53,3.58,8.87,DEF,18,88,,58,97,79,30,72,46,76,89,19,48,,,32,,28,90,62,33,37,465642
685,Diakité,BOU,DEF,1275,,,,,0.0,0.0,0.07,0.0,0.07,0.71,0.0,0.01,0.21,0.0,0.28,0.27,0.07,0.0,1.41,6.85,3.39,8.26,DEF,18,8,,64,4,4,13,62,38,68,10,23,48,,,6,,33,25,17,12,37,242882
691,Calvert-Lewin,LEE,FWD,2721,,,,,0.46,0.49,2.41,1.12,2.25,4.47,0.07,0.04,0.63,0.07,0.6,0.09,0.33,0.0,0.33,1.62,1.52,3.47,ATT,22,90,,10,93,80,22,6,5,42,91,26,77,,,16,,4,90,72,17,21,177815
693,Hutchinson,NFO,MID,1676,,,,,0.05,0.12,1.34,0.59,0.86,4.51,0.38,0.21,1.5,0.43,0.55,0.3,5.26,2.63,1.18,1.07,4.67,6.93,ATT,95,46,,72,38,37,90,42,67,15,58,81,69,,,91,,34,18,73,99,88,503301
694,Mukiele,SUN,DEF,2784,,,,,0.1,0.09,0.87,0.13,0.58,1.88,0.16,0.09,0.61,0.23,0.29,0.23,2.78,0.0,2.23,6.59,4.23,8.83,DEF,87,74,,48,79,80,87,71,69,64,46,68,53,,,81,,79,85,76,85,37,200834
695,Tchatchoua,WOL,DEF,1834,,,,,0.0,0.01,0.15,0.05,0.1,1.23,0.05,0.08,0.98,0.15,0.3,0.2,4.47,0.0,1.42,3.88,3.04,5.3,DEF,47,13,,37,12,9,74,14,22,21,24,89,57,,,75,,36,25,42,97,37,523705
697,Adli,BOU,MID,1074,,,,,0.25,0.3,1.68,0.75,1.09,3.85,0.17,0.14,1.26,0.08,0.51,0.18,2.43,1.68,3.02,2.18,5.11,10.31,ATT,61,57,,36,76,52,25,81,82,61,71,71,61,,,70,,92,71,63,80,78,489888
698,Okafor,LEE,MID,1553,,,,,0.46,0.36,2.03,0.93,1.56,4.46,0.17,0.08,1.1,0.23,0.63,0.22,2.14,0.0,1.33,1.68,3.54,6.55,ATT,61,74,,49,82,67,63,37,39,44,84,62,83,,,43,,41,90,72,74,21,435997
699,Douglas Luiz,AVL,MID,913,,,,,0.1,0.07,1.08,0.49,0.39,1.58,0.1,0.14,1.87,0.3,0.4,0.28,1.97,3.65,2.17,3.06,5.13,10.35,ATT,34,19,,66,20,24,76,82,83,80,46,91,36,,,70,,75,37,23,72,95,230046
706,Justin,LEE,DEF,1893,,,,,0.1,0.12,1.14,0.29,0.71,1.9,0.05,0.06,0.52,0.24,0.24,0.13,1.38,0.48,2.61,6.09,3.33,8.7,DEF,47,83,,13,88,93,89,69,36,57,85,62,32,,,63,,87,85,76,61,88,220627
708,M.Fernandes,WHU,MID,3017,,,,,0.09,0.05,0.84,0.24,0.24,0.66,0.12,0.09,0.98,0.09,0.31,0.21,1.19,0.72,3.07,2.51,5.43,11.01,ATT,41,11,,47,12,16,29,85,88,68,19,55,18,,,49,,93,33,8,53,64,551226
709,Krejčí,WOL,DEF,2356,,,,,0.08,0.07,0.84,0.34,0.76,1.8,0.08,0.06,0.31,0.08,0.16,0.1,0.65,0.0,1.26,6.26,2.98,7.53,DEF,60,87,,5,67,78,53,51,19,60,91,38,10,,,63,,26,77,73,50,37,431248
712,Yeremy,CRY,MID,2074,,,,,0.09,0.19,1.95,0.48,1.08,3.65,0.09,0.27,2.0,0.65,0.58,0.2,1.74,2.34,1.56,1.3,4.38,7.25,ATT,30,56,,44,57,63,97,46,58,25,45,95,73,,,97,,51,33,57,66,86,488024
713,A.Jimenez,BOU,DEF,2315,,,,,0.04,0.05,0.82,0.16,0.31,1.59,0.08,0.07,0.54,0.08,0.28,0.19,1.98,0.0,2.64,3.11,5.25,5.75,DEF,60,40,,33,50,74,53,19,95,9,56,64,48,,,70,,88,63,64,71,37,551483
714,Woltemade,NEW,FWD,1896,,,,,0.38,0.36,1.57,0.52,1.42,4.08,0.19,0.07,0.9,0.24,0.42,0.11,0.14,0.0,1.14,1.33,2.52,4.98,ATT,68,71,,17,82,50,66,17,15,27,51,47,42,,,36,,32,86,66,9,21,470313
716,Savona,NFO,DEF,1025,,,,,0.18,0.11,0.44,0.26,0.44,1.32,0.0,0.04,0.61,0.09,0.26,0.13,2.37,0.0,1.76,3.25,2.37,5.0,DEF,18,64,,13,85,39,56,10,8,13,80,68,40,,,43,,55,97,49,79,37,500151
717,Xavi,TOT,MID,1747,,,,,0.1,0.14,2.16,0.52,0.77,2.63,0.26,0.2,1.49,0.36,0.49,0.27,1.34,2.22,1.75,1.44,4.48,7.68,ATT,84,42,,62,45,71,83,53,61,32,51,80,55,,,89,,59,37,40,57,84,493362
718,S.Magassa,WHU,MID,971,,,,,0.09,0.06,0.65,0.19,0.19,0.65,0.0,0.03,0.46,0.09,0.22,0.14,0.83,0.0,3.71,3.06,5.01,11.77,ATT,6,8,,26,16,8,29,91,81,80,13,14,6,,,10,,97,33,7,42,21,564940
719,Lindelöf,AVL,DEF,942,,,,,0.0,0.01,0.29,0.0,0.29,0.48,0.1,0.01,0.1,0.1,0.24,0.24,0.0,0.0,0.67,4.49,1.82,5.16,DEF,68,37,,52,12,19,60,12,2,31,10,8,32,,,6,,5,25,7,3,37,184667
720,Tolu,WOL,FWD,1402,,,,,0.19,0.43,2.95,1.03,2.5,6.48,0.13,0.03,0.71,0.06,0.35,0.07,0.0,0.06,0.45,3.21,1.67,5.33,ATT,47,94,,6,88,92,20,23,6,82,89,32,26,,,10,,6,61,92,2,45,488213
722,Florentino,BUR,MID,2100,,,,,0.0,0.04,0.56,0.09,0.09,0.34,0.09,0.02,0.47,0.0,0.21,0.18,0.47,0.0,3.81,4.76,4.84,13.41,ATT,30,4,,36,7,6,7,98,75,96,6,15,5,,,5,,97,7,3,26,21,216055
723,Canvot,CRY,DEF,1331,,,,,0.0,0.11,0.47,0.07,0.34,0.74,0.0,0.02,0.2,0.0,0.26,0.26,0.34,0.0,2.7,8.72,3.65,11.43,DEF,18,47,,58,85,43,13,98,50,87,32,21,40,,,18,,91,25,18,37,37,651426
724,Geertruida,SUN,DEF,1681,,,,,0.0,0.04,0.59,0.16,0.21,0.75,0.0,0.05,0.43,0.05,0.24,0.18,0.48,0.0,1.98,4.07,3.91,6.05,DEF,18,23,,31,40,55,39,26,60,24,56,54,32,,,54,,69,25,20,44,37,247955
725,Hincapie,ARS,DEF,1787,,,,,0.05,0.02,0.2,0.1,0.05,1.31,0.1,0.08,0.55,0.1,0.43,0.35,1.66,0.0,2.42,6.19,3.17,8.61,DEF,68,6,,80,21,11,60,67,28,59,39,65,82,,,75,,82,67,48,65,37,448104
726,Kolo Muani,TOT,FWD,1655,,,,,0.05,0.15,1.09,0.22,0.92,4.19,0.05,0.09,0.98,0.11,0.23,0.04,0.98,0.0,1.52,1.2,3.48,6.2,ATT,16,48,,2,48,25,34,31,37,20,16,55,7,,,49,,47,18,68,46,21,247693
727,Chukwueze,FUL,MID,1067,,,,,0.25,0.2,2.11,0.59,1.27,4.72,0.34,0.28,1.69,0.34,0.6,0.24,3.63,0.08,0.51,1.52,4.81,6.83,ATT,93,64,,53,61,70,80,41,73,37,58,88,77,,,97,,8,71,77,94,46,218328
728,Röhl,EVE,MID,675,,,,,0.13,0.07,1.47,0.13,0.67,2.67,0.13,0.05,0.8,0.0,0.19,0.09,0.67,0.0,3.33,2.0,3.73,9.07,ATT,47,36,,10,20,45,7,66,43,57,7,38,3,,,23,,95,47,41,35,21,513466
730,Brobbey,SUN,FWD,1920,,,,,0.33,0.33,1.69,0.8,1.59,4.36,0.09,0.03,0.66,0.09,0.44,0.08,0.09,0.0,0.42,0.98,2.06,3.47,ATT,30,77,,8,79,53,29,6,10,12,75,30,46,,,10,,6,83,70,5,21,441264
731,Kevin,FUL,MID,1030,,,,,0.09,0.12,2.18,0.87,0.96,5.33,0.26,0.13,1.14,0.09,0.42,0.25,2.97,1.05,1.83,1.49,4.19,7.51,ATT,84,51,,57,38,71,29,51,54,35,81,64,42,,,66,,64,33,84,89,70,560552
733,Lammens,MUN,GKP,2880,2.47,0.25,0.01,12.91,,,,,,,,,,,,,,,,,,,GKP,,,50,,,,,,,,,,,27,27,,50,,,,,,465247
735,Traoré,SUN,MID,634,,,,,0.14,0.09,1.7,0.85,1.28,3.26,0.14,0.04,1.14,0.28,0.29,0.17,1.85,0.0,1.56,1.56,2.56,5.68,ATT,52,64,,34,27,54,73,26,16,38,79,64,14,,,16,,51,50,50,69,21,110504
736,Donnarumma,MCI,GKP,3060,2.29,0.44,0.28,16.68,,,,,,,,,,,,,,,,,,,GKP,,,95,,,,,,,,,,,91,20,,99,,,,,,204936
749,Mané,WOL,FWD,1787,,,,,0.15,0.1,2.06,0.86,0.55,2.17,0.1,0.19,1.46,0.35,0.26,0.13,3.27,2.57,1.36,1.66,3.88,6.9,ATT,34,27,,22,31,67,81,42,50,43,80,79,10,,,88,,42,53,34,92,87,647671
783,Groß,BHA,MID,1636,,,,,0.06,0.07,0.99,0.44,0.39,2.53,0.33,0.22,1.98,0.28,0.55,0.46,3.69,3.8,1.6,2.2,4.18,7.98,ATT,92,19,,94,20,21,73,58,54,61,41,94,69,,,92,,53,22,39,94,96,60307
785,Pablo,WHU,FWD,819,,,,,0.0,0.16,1.32,0.22,1.32,2.86,0.11,0.12,1.43,0.22,0.38,0.09,0.55,0.0,2.86,1.98,3.08,7.91,ATT,37,67,,10,51,35,61,57,27,56,16,77,31,,,61,,91,7,43,29,21,530335
791,Taty,WHU,FWD,1384,,,,,0.39,0.46,3.25,1.37,2.8,4.88,0.07,0.05,0.78,0.07,0.44,0.07,0.59,0.07,0.72,1.89,2.02,4.62,ATT,22,97,,6,91,95,22,13,9,52,98,36,46,,,23,,16,88,79,31,45,247670
796,Gallagher,TOT,MID,1183,,,,,0.08,0.12,0.84,0.3,0.61,2.66,0.08,0.05,0.91,0.08,0.32,0.19,1.75,0.0,1.67,2.21,5.55,9.43,ATT,25,32,,40,38,16,25,73,89,61,27,49,21,,,23,,56,28,40,66,21,232787
807,Rayan,BOU,MID,1110,,,,,0.41,0.22,2.27,0.65,1.05,4.14,0.16,0.15,0.97,0.24,0.51,0.23,1.86,0.08,0.89,2.27,3.49,6.65,ATT,59,54,,51,64,74,66,39,38,63,61,53,61,,,75,,20,88,67,69,46,499604
815,Disasi,WHU,DEF,1254,,,,,0.0,0.08,0.43,0.22,0.29,0.72,0.0,0.0,0.07,0.0,0.23,0.21,0.0,0.0,1.0,5.31,2.3,6.32,DEF,18,37,,42,72,36,13,35,7,46,68,5,29,,,2,,11,25,17,3,37,220362
817,Armstrong,WOL,FWD,1141,,,,,0.16,0.16,1.42,0.47,1.1,3.31,0.16,0.07,0.32,0.24,0.23,0.06,0.39,0.0,0.63,1.1,1.18,2.92,ATT,59,58,,5,51,41,66,2,1,17,44,6,7,,,36,,11,56,51,22,21,155511
