element,web_name,team,position,total_mins_season,starts_last4,pts_per90_season,pts_per90_4gw,pts_delta,xg_per90_season,xg_per90_4gw,xg_delta,xa_per90_season,xa_per90_4gw,xa_delta,xgi_per90_season,xgi_per90_4gw,xgi_delta,saves_per90_season,saves_per90_4gw,saves_delta,streak,pts_threshold_used,total_points_per90_season,goals_scored_per90_season,assists_per90_season,clean_sheets_per90_season,expected_goals_per90_season,expected_assists_per90_season,expected_goal_involvements_per90_season,expected_goals_conceded_per90_season,bonus_per90_season,bps_per90_season,clearances_blocks_interceptions_per90_season,tackles_per90_season,defensive_contribution_per90_season,total_points_per90_4gw,goals_scored_per90_4gw,assists_per90_4gw,clean_sheets_per90_4gw,expected_goals_per90_4gw,expected_assists_per90_4gw,expected_goal_involvements_per90_4gw,expected_goals_conceded_per90_4gw,bonus_per90_4gw,bps_per90_4gw,clearances_blocks_interceptions_per90_4gw,tackles_per90_4gw,defensive_contribution_per90_4gw,total_points_delta,goals_scored_delta,assists_delta,clean_sheets_delta,expected_goals_delta,expected_assists_delta,expected_goal_involvements_delta,expected_goals_conceded_delta,bonus_delta,bps_delta,clearances_blocks_interceptions_delta,tackles_delta,defensive_contribution_delta
1,Raya,ARS,GKP,3330,3,4.378,7.0,2.622,0.0,0.0,0.0,0.002,0.003,0.001,0.002,0.003,0.001,1.622,1.333,-0.289,🔥 Hot,0.876,4.378,0.0,0.0,0.514,0.0,0.002,0.002,0.745,0.297,17.108,1.0,0.027,0.0,7.0,0.0,0.0,1.0,0.0,0.003,0.003,0.57,0.667,23.667,1.333,0.0,0.0,2.622,0.0,0.0,0.486,0.0,0.001,0.001,-0.175,0.37,6.559,0.333,-0.027,0.0
5,Gabriel,ARS,DEF,2750,3,6.84,6.857,0.017,0.096,0.269,0.173,0.057,0.02,-0.037,0.153,0.289,0.136,0.0,0.0,0.0,Neutral,1.368,6.84,0.098,0.164,0.589,0.096,0.057,0.153,0.72,0.982,23.695,7.822,1.244,9.065,6.857,0.0,0.0,0.857,0.269,0.02,0.289,0.754,0.857,25.143,7.429,0.857,8.286,0.017,-0.098,-0.164,0.268,0.173,-0.037,0.136,0.034,-0.125,1.448,-0.393,-0.387,-0.779
6,Saliba,ARS,DEF,2614,3,4.717,6.333,1.616,0.03,0.0,-0.03,0.042,0.16,0.118,0.072,0.16,0.088,0.0,0.0,0.0,🔥 Hot,0.943,4.717,0.034,0.0,0.516,0.03,0.042,0.072,0.703,0.413,20.004,5.44,1.205,6.645,6.333,0.0,0.0,1.0,0.0,0.16,0.16,0.57,0.667,26.667,6.333,0.667,7.0,1.616,-0.034,0.0,0.484,-0.03,0.118,0.088,-0.133,0.254,6.663,0.893,-0.538,0.355
7,Calafiori,ARS,DEF,1697,4,5.781,5.737,-0.044,0.178,0.158,-0.02,0.04,0.097,0.057,0.219,0.255,0.036,0.0,0.0,0.0,Neutral,1.156,5.781,0.053,0.106,0.689,0.178,0.04,0.219,0.515,0.318,20.631,3.712,1.697,5.41,5.737,0.0,0.0,0.717,0.158,0.097,0.255,0.273,0.717,17.928,2.151,0.359,2.51,-0.044,-0.053,-0.106,0.028,-0.02,0.057,0.036,-0.242,0.399,-2.703,-1.561,-1.338,-2.9
10,Lewis-Skelly,ARS,DEF,697,3,3.745,4.704,0.959,0.013,0.0,-0.013,0.026,0.034,0.008,0.039,0.034,-0.005,0.0,0.0,0.0,🔥 Hot,0.749,3.745,0.0,0.0,0.258,0.013,0.026,0.039,1.163,0.0,14.204,2.195,1.033,3.228,4.704,0.0,0.0,0.627,0.0,0.034,0.034,0.784,0.0,20.697,0.941,0.627,1.568,0.959,0.0,0.0,0.369,-0.013,0.008,-0.005,-0.379,0.0,6.493,-1.254,-0.406,-1.66
16,Saka,ARS,MID,2218,3,6.371,9.673,3.302,0.307,0.227,-0.08,0.291,0.589,0.298,0.598,0.816,0.218,0.0,0.0,0.0,🔥 Hot,1.274,6.371,0.284,0.406,0.487,0.307,0.291,0.598,0.632,0.73,23.129,1.136,1.623,7.466,9.673,0.421,0.841,0.841,0.227,0.589,0.816,0.484,1.682,29.86,1.262,2.103,8.411,3.302,0.137,0.435,0.354,-0.08,0.298,0.218,-0.148,0.952,6.731,0.126,0.48,0.945
20,Trossard,ARS,MID,1997,3,5.363,6.0,0.637,0.252,0.213,-0.039,0.162,0.263,0.101,0.414,0.473,0.059,0.0,0.0,0.0,Neutral,1.073,5.363,0.27,0.27,0.496,0.252,0.162,0.414,0.628,0.496,20.055,1.172,1.217,5.994,6.0,0.333,0.333,1.0,0.213,0.263,0.473,0.57,0.667,26.667,0.0,0.333,4.0,0.637,0.063,0.063,0.504,-0.039,0.101,0.059,-0.058,0.171,6.612,-1.172,-0.884,-1.994
21,Rice,ARS,MID,3093,3,5.354,4.815,-0.539,0.092,0.0,-0.092,0.213,0.174,-0.039,0.305,0.174,-0.131,0.0,0.0,0.0,Neutral,1.071,5.354,0.116,0.262,0.524,0.092,0.213,0.305,0.695,0.669,22.987,3.695,2.008,10.941,4.815,0.0,0.0,1.111,0.0,0.174,0.174,0.57,0.0,18.889,5.556,2.593,14.074,-0.539,-0.116,-0.262,0.587,-0.092,-0.039,-0.131,-0.125,-0.669,-4.098,1.861,0.585,3.133
32,Martinez,AVL,GKP,2835,3,3.81,3.333,-0.477,0.0,0.0,0.0,0.003,0.003,0.0,0.003,0.003,0.0,3.016,3.333,0.317,Neutral,0.762,3.81,0.0,0.032,0.222,0.0,0.003,0.003,1.363,0.349,16.825,0.857,0.0,0.0,3.333,0.0,0.333,0.0,0.0,0.003,0.003,1.403,0.333,14.667,0.333,0.0,0.0,-0.477,0.0,0.301,-0.222,0.0,0.0,0.0,0.04,-0.016,-2.158,-0.524,0.0,0.0
36,Cash,AVL,DEF,3016,3,3.491,2.072,-1.419,0.034,0.003,-0.031,0.088,0.056,-0.032,0.122,0.059,-0.063,0.0,0.0,0.0,🧊 Cold,0.698,3.491,0.09,0.09,0.239,0.034,0.088,0.122,1.356,0.209,13.428,3.581,1.969,5.55,2.072,0.0,0.296,0.0,0.003,0.056,0.059,1.243,0.296,9.77,2.368,2.664,5.033,-1.419,-0.09,0.206,-0.239,-0.031,-0.032,-0.063,-0.113,0.087,-3.658,-1.213,0.695,-0.517
39,Maatsen,AVL,DEF,1590,3,3.057,2.791,-0.266,0.071,0.021,-0.05,0.135,0.052,-0.083,0.207,0.073,-0.134,0.0,0.0,0.0,Neutral,0.611,3.057,0.0,0.057,0.113,0.071,0.135,0.207,1.508,0.057,13.698,4.811,2.434,7.245,2.791,0.0,0.0,0.0,0.021,0.052,0.073,1.476,0.349,6.279,6.279,2.442,8.721,-0.266,0.0,-0.057,-0.113,-0.05,-0.083,-0.134,-0.032,0.292,-7.419,1.468,0.008,1.476
40,Mings,AVL,DEF,1322,3,3.404,1.667,-1.737,0.089,0.073,-0.016,0.029,0.01,-0.019,0.117,0.083,-0.034,0.0,0.0,0.0,🧊 Cold,0.681,3.404,0.0,0.068,0.204,0.089,0.029,0.117,1.591,0.272,11.505,6.944,0.34,7.284,1.667,0.0,0.0,0.0,0.073,0.01,0.083,1.373,0.0,5.667,6.667,0.333,7.0,-1.737,0.0,-0.068,-0.204,-0.016,-0.019,-0.034,-0.218,-0.272,-5.838,-0.277,-0.007,-0.284
47,Rogers,AVL,MID,3280,3,4.637,5.0,0.363,0.188,0.073,-0.115,0.119,0.1,-0.019,0.306,0.173,-0.133,0.0,0.0,0.0,Neutral,0.927,4.637,0.274,0.22,0.247,0.188,0.119,0.306,1.414,0.466,16.601,1.345,1.152,6.311,5.0,0.333,0.333,0.0,0.073,0.1,0.173,1.403,0.667,21.333,1.333,2.333,8.333,0.363,0.059,0.113,-0.247,-0.115,-0.019,-0.133,-0.011,0.201,4.732,-0.012,1.181,2.022
48,Tielemans,AVL,MID,1857,3,3.296,2.832,-0.464,0.055,0.035,-0.02,0.158,0.126,-0.032,0.213,0.16,-0.053,0.0,0.0,0.0,Neutral,0.659,3.296,0.0,0.194,0.194,0.055,0.158,0.213,1.519,0.145,20.21,2.472,2.811,9.838,2.832,0.0,0.0,0.0,0.035,0.126,0.16,1.281,0.0,18.881,2.203,2.517,9.755,-0.464,0.0,-0.194,-0.194,-0.02,-0.032,-0.053,-0.238,-0.145,-1.329,-0.269,-0.294,-0.083
55,Barkley,AVL,MID,844,3,5.972,4.915,-1.057,0.168,0.237,0.069,0.134,0.046,-0.088,0.303,0.283,-0.02,0.0,0.0,0.0,Neutral,1.194,5.972,0.32,0.213,0.107,0.168,0.134,0.303,1.408,0.533,23.566,1.6,1.493,7.891,4.915,0.307,0.307,0.0,0.237,0.046,0.283,1.57,0.614,15.358,0.307,1.229,5.222,-1.057,-0.013,0.094,-0.107,0.069,-0.088,-0.02,0.162,0.081,-8.208,-1.293,-0.264,-2.669
64,Watkins,AVL,FWD,2833,3,5.305,11.4,6.095,0.489,0.876,0.387,0.037,0.012,-0.025,0.527,0.888,0.361,0.0,0.0,0.0,🔥 Hot,1.061,5.305,0.508,0.127,0.286,0.489,0.037,0.527,1.378,0.826,19.792,0.731,0.699,2.986,11.4,1.5,0.3,0.0,0.876,0.012,0.888,1.377,2.7,48.0,0.6,0.3,1.5,6.095,0.992,0.173,-0.286,0.387,-0.025,0.361,-0.001,1.874,28.208,-0.131,-0.399,-1.486
67,Petrović,BOU,GKP,3420,4,3.263,4.5,1.237,0.0,0.0,0.0,0.0,0.0,0.0,0.0,0.0,0.0,2.868,2.25,-0.618,🔥 Hot,0.653,3.263,0.0,0.0,0.289,0.0,0.0,0.0,1.493,0.132,13.474,1.632,0.0,0.0,4.5,0.0,0.0,0.5,0.0,0.0,0.0,1.405,0.0,19.0,0.5,0.0,0.0,1.237,0.0,0.0,0.211,0.0,0.0,0.0,-0.088,-0.132,5.526,-1.132,0.0,0.0
72,Senesi,BOU,DEF,3288,4,4.79,7.0,2.21,0.042,0.0,-0.042,0.129,0.05,-0.079,0.171,0.05,-0.121,0.0,0.0,0.0,🔥 Hot,0.958,4.79,0.0,0.164,0.301,0.042,0.129,0.171,1.499,0.383,15.63,9.772,1.697,11.469,7.0,0.0,0.25,0.5,0.0,0.05,0.05,1.405,0.75,22.25,8.75,1.5,10.25,2.21,0.0,0.086,0.199,-0.042,-0.079,-0.121,-0.094,0.367,6.62,-1.022,-0.197,-1.219
73,Smith,BOU,DEF,1073,3,4.865,6.381,1.516,0.0,0.0,0.0,0.019,0.01,-0.009,0.019,0.01,-0.009,0.0,0.0,0.0,🔥 Hot,0.973,4.865,0.0,0.168,0.503,0.0,0.019,0.019,1.525,0.336,15.517,4.613,1.258,5.871,6.381,0.0,0.336,0.672,0.0,0.01,0.01,1.417,0.672,20.821,4.701,1.007,5.709,1.516,0.0,0.168,0.169,0.0,-0.009,-0.009,-0.108,0.336,5.304,0.088,-0.251,-0.162
74,Truffert,BOU,DEF,3378,4,4.396,6.5,2.104,0.036,0.092,0.056,0.082,0.112,0.03,0.118,0.205,0.087,0.0,0.0,0.0,🔥 Hot,0.879,4.396,0.027,0.16,0.293,0.036,0.082,0.118,1.45,0.506,16.172,5.302,2.718,8.02,6.5,0.0,0.5,0.5,0.092,0.112,0.205,1.405,1.25,26.75,2.5,3.25,5.75,2.104,-0.027,0.34,0.207,0.056,0.03,0.087,-0.045,0.744,10.578,-2.802,0.532,-2.27
77,Hill,BOU,DEF,2102,4,4.71,5.0,0.29,0.038,0.025,-0.013,0.05,0.015,-0.035,0.087,0.04,-0.047,0.0,0.0,0.0,Neutral,0.942,4.71,0.0,0.128,0.343,0.038,0.05,0.087,1.431,0.171,16.527,9.462,1.67,11.132,5.0,0.0,0.0,0.5,0.025,0.015,0.04,1.405,0.5,17.0,8.75,1.5,10.25,0.29,0.0,-0.128,0.157,-0.013,-0.035,-0.047,-0.026,0.329,0.473,-0.712,-0.17,-0.882
82,Semenyo,MCI,MID,3200,4,5.681,5.856,0.175,0.312,0.136,-0.176,0.088,0.117,0.029,0.4,0.253,-0.147,0.0,0.0,0.0,Neutral,1.136,5.681,0.478,0.169,0.337,0.312,0.088,0.4,1.341,0.506,19.069,1.378,1.266,6.637,5.856,0.616,0.0,0.616,0.136,0.117,0.253,0.653,0.308,20.959,1.541,0.308,4.007,0.175,0.138,-0.169,0.279,-0.176,0.029,-0.147,-0.688,-0.198,1.89,0.163,-0.958,-2.63
83,O.Dango,BRE,MID,2271,3,5.39,7.423,2.033,0.315,0.482,0.167,0.163,0.074,-0.089,0.478,0.557,0.079,0.0,0.0,0.0,🔥 Hot,1.078,5.39,0.277,0.317,0.238,0.315,0.163,0.478,1.377,0.634,17.001,3.012,0.951,7.332,7.423,0.619,0.309,0.309,0.482,0.074,0.557,2.153,0.928,21.959,2.165,1.546,5.876,2.033,0.342,-0.008,0.071,0.167,-0.089,0.079,0.776,0.294,4.958,-0.847,0.595,-1.456
84,Tavernier,BOU,MID,2732,4,4.513,4.474,-0.039,0.298,0.158,-0.14,0.152,0.205,0.053,0.45,0.363,-0.087,0.0,0.0,0.0,Neutral,0.903,4.513,0.231,0.132,0.362,0.298,0.152,0.45,1.353,0.461,18.184,2.042,1.285,8.269,4.474,0.263,0.0,0.526,0.158,0.205,0.363,1.247,0.789,22.368,1.842,1.053,7.368,-0.039,0.032,-0.132,0.164,-0.14,0.053,-0.087,-0.106,0.328,4.184,-0.2,-0.232,-0.901
85,Adams,BOU,MID,1769,3,3.917,3.356,-0.561,0.032,0.006,-0.026,0.032,0.037,0.005,0.064,0.043,-0.021,0.0,0.0,0.0,Neutral,0.783,3.917,0.102,0.102,0.356,0.032,0.032,0.064,1.383,0.153,17.603,4.223,2.696,11.803,3.356,0.0,0.0,0.305,0.006,0.037,0.043,1.345,0.0,12.508,3.966,3.356,12.508,-0.561,-0.102,-0.102,-0.051,-0.026,0.005,-0.021,-0.038,-0.153,-5.095,-0.257,0.66,0.705
90,Scott,BOU,MID,2848,3,4.298,3.667,-0.631,0.12,0.013,-0.107,0.093,0.107,0.014,0.213,0.12,-0.093,0.0,0.0,0.0,Neutral,0.86,4.298,0.095,0.063,0.348,0.12,0.093,0.213,1.486,0.284,19.055,4.203,1.896,12.198,3.667,0.0,0.0,0.667,0.013,0.107,0.12,1.183,0.0,15.333,3.0,2.0,13.333,-0.631,-0.095,-0.063,0.319,-0.107,0.014,-0.093,-0.303,-0.284,-3.722,-1.203,0.104,1.135
97,Evanilson,BOU,FWD,2741,4,3.776,3.203,-0.573,0.349,0.346,-0.003,0.049,0.07,0.021,0.398,0.416,0.018,0.0,0.0,0.0,Neutral,0.755,3.776,0.197,0.23,0.361,0.349,0.049,0.398,1.281,0.197,13.528,1.379,0.427,4.433,3.203,0.0,0.32,0.641,0.346,0.07,0.416,1.025,0.0,14.093,2.562,0.961,7.367,-0.573,-0.197,0.09,0.28,-0.003,0.021,0.018,-0.256,-0.197,0.565,1.183,0.534,2.934
100,Kroupi.Jr,BOU,FWD,1663,4,6.115,5.51,-0.605,0.45,0.444,-0.006,0.082,0.077,-0.005,0.531,0.52,-0.011,0.0,0.0,0.0,Neutral,1.223,6.115,0.704,0.0,0.541,0.45,0.082,0.531,1.402,0.704,25.977,2.273,0.487,6.061,5.51,0.612,0.0,0.918,0.444,0.077,0.52,1.059,0.612,19.898,1.224,0.306,4.286,-0.605,-0.092,0.0,0.377,-0.006,-0.005,-0.011,-0.343,-0.092,-6.079,-1.049,-0.181,-1.775
101,Kelleher,BRE,GKP,3330,4,3.865,4.75,0.885,0.0,0.0,0.0,0.006,0.0,-0.006,0.006,0.0,-0.006,2.946,5.25,2.304,🔥 Hot,0.773,3.865,0.0,0.0,0.27,0.0,0.006,0.006,1.445,0.297,15.405,1.297,0.027,0.0,4.75,0.0,0.0,0.25,0.0,0.0,0.0,2.165,0.75,20.5,1.75,0.0,0.0,0.885,0.0,0.0,-0.02,0.0,-0.006,-0.006,0.72,0.453,5.095,0.453,-0.027,0.0
106,Collins,BRE,DEF,2971,4,3.908,3.25,-0.658,0.068,0.025,-0.043,0.052,0.085,0.033,0.12,0.11,-0.01,0.0,0.0,0.0,Neutral,0.782,3.908,0.03,0.061,0.273,0.068,0.052,0.12,1.44,0.212,13.632,8.694,0.969,9.663,3.25,0.0,0.0,0.25,0.025,0.085,0.11,2.165,0.0,13.25,8.0,1.25,9.25,-0.658,-0.03,-0.061,-0.023,-0.043,0.033,-0.01,0.725,-0.212,-0.382,-0.694,0.281,-0.413
107,Lewis-Potter,BRE,DEF,1960,4,5.281,4.525,-0.756,0.138,0.088,-0.05,0.115,0.096,-0.019,0.253,0.184,-0.069,0.0,0.0,0.0,Neutral,1.056,5.281,0.138,0.184,0.413,0.138,0.115,0.253,1.549,0.23,16.347,2.342,1.056,3.398,4.525,0.0,0.503,0.251,0.088,0.096,0.184,1.926,0.503,15.587,2.765,1.006,3.771,-0.756,-0.138,0.319,-0.162,-0.05,-0.019,-0.069,0.377,0.273,-0.76,0.423,-0.05,0.373
110,Kayode,BRE,DEF,3258,4,3.122,2.0,-1.122,0.035,0.0,-0.035,0.08,0.035,-0.045,0.115,0.035,-0.08,0.0,0.0,0.0,🧊 Cold,0.624,3.122,0.028,0.055,0.276,0.035,0.08,0.115,1.454,0.249,13.646,4.171,1.878,6.05,2.0,0.0,0.0,0.25,0.0,0.035,0.035,2.165,0.0,6.0,2.5,1.5,4.0,-1.122,-0.028,-0.055,-0.026,-0.035,-0.045,-0.08,0.711,-0.249,-7.646,-1.671,-0.378,-2.05
119,Mbeumo,MUN,MID,2611,3,5.101,7.095,1.994,0.413,1.471,1.058,0.172,0.172,0.0,0.585,1.643,1.058,0.0,0.0,0.0,🔥 Hot,1.02,5.101,0.379,0.103,0.276,0.413,0.172,0.585,1.236,0.552,18.2,0.793,0.862,4.791,7.095,0.747,0.0,0.373,1.471,0.172,1.643,1.102,0.373,23.527,0.373,0.373,4.481,1.994,0.368,-0.103,0.097,1.058,0.0,1.058,-0.134,-0.179,5.327,-0.42,-0.489,-0.31
120,Schade,BRE,MID,2744,3,4.1,4.091,-0.009,0.396,0.352,-0.044,0.067,0.0,-0.067,0.463,0.352,-0.111,0.0,0.0,0.0,Neutral,0.82,4.1,0.262,0.164,0.361,0.396,0.067,0.463,1.314,0.164,12.628,1.771,1.378,6.232,4.091,0.315,0.0,0.315,0.352,0.0,0.352,2.197,0.0,7.552,0.944,1.573,4.406,-0.009,0.053,-0.164,-0.046,-0.044,-0.067,-0.111,0.883,-0.164,-5.076,-0.827,0.195,-1.826
121,Damsgaard,BRE,MID,2046,3,4.971,6.353,1.382,0.115,0.166,0.051,0.239,0.293,0.054,0.354,0.459,0.105,0.0,0.0,0.0,🔥 Hot,0.994,4.971,0.176,0.176,0.22,0.115,0.239,0.354,1.388,0.396,20.543,1.979,2.507,10.601,6.353,0.353,0.0,0.353,0.166,0.293,0.459,1.913,1.059,24.0,2.824,2.471,13.412,1.382,0.177,-0.176,0.133,0.051,0.054,0.105,0.525,0.663,3.457,0.845,-0.036,2.811
126,Jensen,BRE,MID,2239,4,3.939,3.056,-0.883,0.089,0.022,-0.067,0.244,0.25,0.006,0.332,0.272,-0.06,0.0,0.0,0.0,🧊 Cold,0.788,3.939,0.121,0.08,0.362,0.089,0.244,0.332,1.436,0.04,18.691,2.492,1.608,8.843,3.056,0.0,0.0,0.278,0.022,0.25,0.272,2.089,0.0,14.444,3.056,2.222,10.0,-0.883,-0.121,-0.08,-0.084,-0.067,0.006,-0.06,0.653,-0.04,-4.247,0.564,0.614,1.157
129,Yarmoliuk,BRE,MID,2652,3,3.529,4.57,1.041,0.041,0.011,-0.03,0.047,0.032,-0.015,0.089,0.042,-0.047,0.0,0.0,0.0,🔥 Hot,0.706,3.529,0.034,0.102,0.271,0.041,0.047,0.089,1.368,0.034,15.204,2.817,2.342,11.471,4.57,0.0,0.352,0.352,0.011,0.032,0.042,1.835,0.352,19.688,4.57,2.812,13.711,1.041,-0.034,0.25,0.081,-0.03,-0.015,-0.047,0.467,0.318,4.484,1.753,0.47,2.24
136,Thiago,BRE,FWD,3282,4,4.963,3.0,-1.963,0.565,0.368,-0.197,0.05,0.018,-0.032,0.615,0.385,-0.23,0.0,0.0,0.0,🧊 Cold,0.993,4.963,0.603,0.027,0.274,0.565,0.05,0.615,1.458,0.603,19.47,2.303,1.015,5.868,3.0,0.25,0.0,0.25,0.368,0.018,0.385,2.165,0.0,9.25,3.25,1.25,5.5,-1.963,-0.353,-0.027,-0.024,-0.197,-0.032,-0.23,0.707,-0.603,-10.22,0.947,0.235,-0.368
139,Verbruggen,BHA,GKP,3420,4,3.421,3.0,-0.421,0.0,0.0,0.0,0.002,0.0,-0.002,0.002,0.0,-0.002,2.789,2.75,-0.039,Neutral,0.684,3.421,0.0,0.0,0.263,0.0,0.002,0.002,1.291,0.158,16.211,0.842,0.026,0.0,3.0,0.0,0.0,0.25,0.0,0.0,0.0,1.425,0.0,10.25,0.75,0.0,0.0,-0.421,0.0,0.0,-0.013,0.0,-0.002,-0.002,0.134,-0.158,-5.961,-0.092,-0.026,0.0
145,De Cuyper,BHA,DEF,1404,3,5.385,7.013,1.628,0.106,0.043,-0.063,0.262,0.713,0.451,0.368,0.756,0.388,0.0,0.0,0.0,🔥 Hot,1.077,5.385,0.128,0.192,0.321,0.106,0.262,0.368,1.544,0.577,20.385,2.692,1.41,4.103,7.013,0.0,0.779,0.39,0.043,0.713,0.756,1.177,1.169,28.442,2.727,1.169,3.896,1.628,-0.128,0.587,0.069,-0.063,0.451,0.388,-0.367,0.592,8.057,0.035,-0.241,-0.207
146,Dunk,BHA,DEF,2837,3,3.172,5.956,2.784,0.058,0.175,0.117,0.018,0.017,-0.001,0.076,0.192,0.116,0.0,0.0,0.0,🔥 Hot,0.634,3.172,0.032,0.032,0.222,0.058,0.018,0.076,1.329,0.159,14.054,6.218,1.11,7.328,5.956,0.331,0.0,0.331,0.175,0.017,0.192,1.188,0.662,17.868,3.971,0.662,4.632,2.784,0.299,-0.032,0.109,0.117,-0.001,0.116,-0.141,0.503,3.814,-2.247,-0.448,-2.696
148,F.Kadıoğlu,BHA,DEF,3130,4,3.393,2.5,-0.893,0.059,0.015,-0.044,0.095,0.195,0.1,0.154,0.21,0.056,0.0,0.0,0.0,🧊 Cold,0.679,3.393,0.029,0.058,0.288,0.059,0.095,0.154,1.283,0.201,14.78,3.249,1.639,4.888,2.5,0.0,0.0,0.25,0.015,0.195,0.21,1.425,0.0,8.25,2.0,0.5,2.5,-0.893,-0.029,-0.058,-0.038,-0.044,0.1,0.056,0.142,-0.201,-6.53,-1.249,-1.139,-2.388
151,Van Hecke,BHA,DEF,3210,4,4.15,2.75,-1.4,0.093,0.235,0.142,0.044,0.055,0.011,0.137,0.29,0.153,0.0,0.0,0.0,🧊 Cold,0.83,4.15,0.084,0.084,0.28,0.093,0.044,0.137,1.297,0.224,16.121,7.402,1.486,8.888,2.75,0.0,0.0,0.25,0.235,0.055,0.29,1.425,0.0,10.5,7.75,1.0,8.75,-1.4,-0.084,-0.084,-0.03,0.142,0.011,0.153,0.128,-0.224,-5.621,0.348,-0.486,-0.138
160,Minteh,BHA,MID,2389,3,4.408,4.286,-0.122,0.144,0.154,0.01,0.191,0.163,-0.028,0.334,0.317,-0.017,0.0,0.0,0.0,Neutral,0.882,4.408,0.113,0.301,0.414,0.144,0.191,0.334,1.284,0.339,17.555,1.243,2.11,6.969,4.286,0.286,0.0,0.571,0.154,0.163,0.317,1.269,0.286,17.429,1.143,1.714,4.571,-0.122,0.173,-0.301,0.157,0.01,-0.028,-0.017,-0.015,-0.053,-0.126,-0.1,-0.396,-2.398
163,Hinshelwood,BHA,MID,1736,4,4.718,5.488,0.77,0.256,0.329,0.073,0.121,0.113,-0.008,0.377,0.442,0.065,0.0,0.0,0.0,Neutral,0.944,4.718,0.207,0.259,0.363,0.256,0.121,0.377,1.443,0.104,16.434,1.815,0.933,5.91,5.488,0.549,0.0,0.549,0.329,0.113,0.442,1.213,0.0,20.305,1.098,0.549,3.567,0.77,0.342,-0.259,0.186,0.073,-0.008,0.065,-0.23,-0.104,3.871,-0.717,-0.384,-2.343
167,Baleba,BHA,MID,1646,3,3.062,3.722,0.66,0.043,0.074,0.031,0.039,0.037,-0.002,0.082,0.112,0.03,0.0,0.0,0.0,🔥 Hot,0.612,3.062,0.0,0.0,0.383,0.043,0.039,0.082,1.115,0.0,12.631,3.663,2.023,11.428,3.722,0.0,0.0,0.677,0.074,0.037,0.112,1.005,0.0,18.947,4.398,2.707,15.226,0.66,0.0,0.0,0.294,0.031,-0.002,0.03,-0.11,0.0,6.316,0.735,0.684,3.798
178,Welbeck,BHA,FWD,2249,4,5.042,3.249,-1.793,0.495,0.185,-0.31,0.056,0.026,-0.03,0.551,0.211,-0.34,0.0,0.0,0.0,🧊 Cold,1.008,5.042,0.52,0.04,0.4,0.495,0.056,0.551,1.268,0.72,20.449,1.561,0.96,4.482,3.249,0.0,0.325,0.65,0.185,0.026,0.211,1.371,0.0,12.347,1.3,1.3,4.874,-1.793,-0.52,0.285,0.25,-0.31,-0.03,-0.34,0.103,-0.72,-8.102,-0.261,0.34,0.392
187,Walker,BUR,DEF,3095,4,2.036,1.5,-0.536,0.004,0.008,0.004,0.038,0.058,0.02,0.042,0.065,0.023,0.0,0.0,0.0,🧊 Cold,0.407,2.036,0.0,0.058,0.116,0.004,0.038,0.042,1.964,0.087,7.037,4.536,1.628,6.165,1.5,0.0,0.0,0.0,0.008,0.058,0.065,1.615,0.0,7.25,3.0,2.25,5.25,-0.536,0.0,-0.058,-0.116,0.004,0.02,0.023,-0.349,-0.087,0.213,-1.536,0.622,-0.915
191,Estève,BUR,DEF,2933,3,2.608,2.759,0.151,0.022,0.0,-0.022,0.018,0.003,-0.015,0.041,0.003,-0.038,0.0,0.0,0.0,Neutral,0.522,2.608,0.0,0.0,0.092,0.022,0.018,0.041,2.058,0.0,8.101,8.899,1.35,10.249,2.759,0.0,0.0,0.0,0.0,0.003,0.003,1.5,0.0,7.241,10.0,1.724,11.724,0.151,0.0,0.0,-0.092,-0.022,-0.015,-0.038,-0.558,0.0,-0.86,1.101,0.374,1.475
195,Lucas Pires,BUR,DEF,1405,3,1.601,1.525,-0.076,0.038,0.082,0.044,0.094,0.079,-0.015,0.132,0.162,0.03,0.0,0.0,0.0,Neutral,0.32,1.601,0.0,0.0,0.064,0.038,0.094,0.132,1.806,0.0,8.135,4.1,1.858,5.957,1.525,0.0,0.0,0.0,0.082,0.079,0.162,1.583,0.0,9.153,3.966,1.525,5.492,-0.076,0.0,0.0,-0.064,0.044,-0.015,0.03,-0.223,0.0,1.018,-0.134,-0.333,-0.465
198,Tuanzebe,BUR,DEF,1201,3,2.548,2.333,-0.215,0.046,0.0,-0.046,0.009,0.003,-0.006,0.055,0.003,-0.052,0.0,0.0,0.0,Neutral,0.51,2.548,0.075,0.0,0.075,0.046,0.009,0.055,2.226,0.0,7.644,7.943,1.049,8.993,2.333,0.0,0.0,0.0,0.0,0.003,0.003,1.607,0.0,7.0,7.0,0.667,7.667,-0.215,-0.075,0.0,-0.075,-0.046,-0.006,-0.052,-0.619,0.0,-0.644,-0.943,-0.382,-1.326
200,Anthony,BUR,MID,2717,4,4.207,4.103,-0.104,0.169,0.187,0.018,0.094,0.049,-0.045,0.264,0.236,-0.028,0.0,0.0,0.0,Neutral,0.841,4.207,0.265,0.132,0.132,0.169,0.094,0.264,1.954,0.199,16.993,1.623,1.391,7.685,4.103,0.256,0.256,0.0,0.187,0.049,0.236,1.554,0.0,16.154,0.769,1.026,5.641,-0.104,-0.009,0.124,-0.132,0.018,-0.045,-0.028,-0.4,-0.199,-0.839,-0.854,-0.365,-2.044
207,Hannibal,BUR,MID,1219,3,4.356,2.647,-1.709,0.067,0.132,0.065,0.154,0.284,0.13,0.22,0.412,0.192,0.0,0.0,0.0,🧊 Cold,0.871,4.356,0.074,0.369,0.148,0.067,0.154,0.22,2.089,0.295,19.27,1.255,2.141,8.195,2.647,0.0,0.378,0.0,0.132,0.284,0.412,1.804,0.0,17.395,1.134,1.513,6.05,-1.709,-0.074,0.009,-0.148,0.065,0.13,0.192,-0.285,-0.295,-1.875,-0.121,-0.628,-2.145
210,Tchaouna,BUR,MID,1259,4,4.218,4.567,0.349,0.091,0.081,-0.01,0.065,0.059,-0.006,0.156,0.14,-0.016,0.0,0.0,0.0,Neutral,0.844,4.218,0.143,0.143,0.143,0.091,0.065,0.156,1.79,0.0,14.869,0.929,1.287,4.932,4.567,0.269,0.269,0.0,0.081,0.059,0.14,1.599,0.0,18.0,0.269,1.075,5.104,0.349,0.126,0.126,-0.143,-0.01,-0.006,-0.016,-0.191,0.0,3.131,-0.66,-0.212,0.172
215,Flemming,BUR,FWD,1764,4,5.051,4.665,-0.386,0.405,0.299,-0.106,0.021,0.025,0.004,0.426,0.324,-0.102,0.0,0.0,0.0,Neutral,1.01,5.051,0.561,0.0,0.153,0.405,0.021,0.426,1.891,0.561,18.929,2.5,0.867,5.051,4.665,0.549,0.0,0.0,0.299,0.025,0.324,1.616,0.823,17.835,1.921,1.646,4.665,-0.386,-0.012,0.0,-0.153,-0.106,0.004,-0.102,-0.275,0.262,-1.094,-0.579,0.779,-0.386
220,Sánchez,CHE,GKP,3040,3,3.345,1.829,-1.516,0.0,0.0,0.0,0.001,0.0,-0.001,0.001,0.0,-0.001,2.901,2.927,0.026,🧊 Cold,0.669,3.345,0.0,0.03,0.266,0.0,0.001,0.001,1.44,0.207,15.069,0.799,0.059,0.0,1.829,0.0,0.0,0.0,0.0,0.0,0.0,2.052,0.0,9.512,0.366,0.0,0.0,-1.516,0.0,-0.03,-0.266,0.0,-0.001,-0.001,0.612,-0.207,-5.557,-0.433,-0.059,0.0
224,Cucurella,CHE,DEF,2706,4,3.459,1.75,-1.709,0.078,0.02,-0.058,0.107,0.04,-0.067,0.185,0.06,-0.125,0.0,0.0,0.0,🧊 Cold,0.692,3.459,0.033,0.133,0.299,0.078,0.107,0.185,1.379,0.166,15.565,4.224,1.829,6.053,1.75,0.0,0.25,0.0,0.02,0.04,0.06,1.542,0.0,6.0,0.75,2.0,2.75,-1.709,-0.033,0.117,-0.299,-0.058,-0.067,-0.125,0.163,-0.166,-9.565,-3.474,0.171,-3.303
228,Gusto,CHE,DEF,2255,3,3.831,0.341,-3.49,0.062,0.034,-0.028,0.119,0.232,0.113,0.181,0.266,0.085,0.0,0.0,0.0,🧊 Cold,0.766,3.831,0.08,0.12,0.279,0.062,0.119,0.181,1.482,0.279,16.204,2.953,2.075,5.029,0.341,0.0,0.0,0.0,0.034,0.232,0.266,1.493,0.0,4.432,3.409,1.364,4.773,-3.49,-0.08,-0.12,-0.279,-0.028,0.113,0.085,0.011,-0.279,-11.772,0.456,-0.711,-0.256
230,Fofana,CHE,DEF,1718,3,3.405,1.948,-1.457,0.038,0.0,-0.038,0.031,0.0,-0.031,0.069,0.0,-0.069,0.0,0.0,0.0,🧊 Cold,0.681,3.405,0.0,0.105,0.21,0.038,0.031,0.069,1.352,0.157,15.087,9.796,0.995,10.792,1.948,0.0,0.39,0.0,0.0,0.0,0.0,1.414,0.0,8.182,7.403,0.0,7.403,-1.457,0.0,0.285,-0.21,-0.038,-0.031,-0.069,0.062,-0.157,-6.905,-2.393,-0.995,-3.389
235,Palmer,CHE,MID,1954,4,5.251,3.017,-2.234,0.486,0.337,-0.149,0.115,0.088,-0.027,0.601,0.425,-0.176,0.0,0.0,0.0,🧊 Cold,1.05,5.251,0.461,0.092,0.138,0.486,0.115,0.601,1.434,0.507,19.806,1.244,1.151,6.218,3.017,0.251,0.0,0.0,0.337,0.088,0.425,1.539,0.503,12.57,0.503,1.006,4.022,-2.234,-0.21,-0.092,-0.138,-0.149,-0.027,-0.176,0.105,-0.004,-7.236,-0.741,-0.145,-2.196
237,Enzo,CHE,MID,3114,4,4.538,6.0,1.462,0.325,0.125,-0.2,0.21,0.215,0.005,0.535,0.34,-0.195,0.0,0.0,0.0,🔥 Hot,0.908,4.538,0.289,0.145,0.231,0.325,0.21,0.535,1.297,0.549,20.231,1.474,1.532,7.052,6.0,0.5,0.25,0.0,0.125,0.215,0.34,1.542,1.25,23.0,0.75,0.75,5.75,1.462,0.211,0.105,-0.231,-0.2,0.005,-0.195,0.245,0.701,2.769,-0.724,-0.782,-1.302
241,Caicedo,CHE,MID,2796,4,3.541,2.034,-1.507,0.047,0.01,-0.037,0.077,0.076,-0.001,0.123,0.086,-0.037,0.0,0.0,0.0,🧊 Cold,0.708,3.541,0.097,0.032,0.193,0.047,0.077,0.123,1.369,0.322,18.67,3.283,2.8,11.781,2.034,0.0,0.0,0.0,0.01,0.076,0.086,1.551,0.0,15.0,2.288,1.78,8.898,-1.507,-0.097,-0.032,-0.193,-0.037,-0.001,-0.037,0.182,-0.322,-3.67,-0.995,-1.02,-2.883
242,Dewsbury-Hall,EVE,MID,2629,4,5.169,2.805,-2.364,0.149,0.138,-0.011,0.183,0.145,-0.038,0.332,0.283,-0.049,0.0,0.0,0.0,🧊 Cold,1.034,5.169,0.274,0.24,0.274,0.149,0.183,0.332,1.382,0.616,20.472,1.506,1.78,7.874,2.805,0.0,0.255,0.0,0.138,0.145,0.283,1.476,0.0,12.493,1.53,1.53,6.884,-2.364,-0.274,0.015,-0.274,-0.011,-0.038,-0.049,0.094,-0.616,-7.979,0.024,-0.25,-0.99
249,João Pedro,CHE,FWD,2658,3,5.993,3.667,-2.326,0.505,0.407,-0.098,0.066,0.023,-0.043,0.571,0.43,-0.141,0.0,0.0,0.0,🧊 Cold,1.199,5.993,0.508,0.305,0.339,0.505,0.066,0.571,1.261,1.016,24.21,1.321,0.914,4.673,3.667,0.333,0.0,0.0,0.407,0.023,0.43,1.483,0.667,13.0,1.0,0.667,3.667,-2.326,-0.175,-0.305,-0.339,-0.098,-0.043,-0.141,0.222,-0.349,-11.21,-0.321,-0.247,-1.006
253,Henderson,CRY,GKP,3330,4,3.541,1.25,-2.291,0.0,0.0,0.0,0.003,0.0,-0.003,0.003,0.0,-0.003,2.865,3.0,0.135,🧊 Cold,0.708,3.541,0.0,0.0,0.297,0.0,0.003,0.003,1.389,0.189,14.541,1.486,0.027,0.0,1.25,0.0,0.0,0.0,0.0,0.0,0.0,1.848,0.0,6.25,1.0,0.25,0.0,-2.291,0.0,0.0,-0.297,0.0,-0.003,-0.003,0.459,-0.189,-8.291,-0.486,0.223,0.0
256,Muñoz,CRY,DEF,2400,4,5.1,2.941,-2.159,0.092,0.032,-0.06,0.148,0.159,0.011,0.24,0.191,-0.049,0.0,0.0,0.0,🧊 Cold,1.02,5.1,0.15,0.15,0.375,0.092,0.148,0.24,1.286,0.337,17.588,4.65,2.7,7.35,2.941,0.0,0.294,0.0,0.032,0.159,0.191,1.597,0.294,11.765,3.529,2.941,6.471,-2.159,-0.15,0.144,-0.375,-0.06,0.011,-0.049,0.311,-0.043,-5.823,-1.121,0.241,-0.879
257,Lacroix,CRY,DEF,3085,3,4.493,2.25,-2.243,0.071,0.034,-0.037,0.024,0.022,-0.002,0.096,0.056,-0.04,0.0,0.0,0.0,🧊 Cold,0.899,4.493,0.029,0.058,0.321,0.071,0.024,0.096,1.285,0.321,15.433,9.044,1.75,10.794,2.25,0.0,0.0,0.0,0.034,0.022,0.056,1.399,0.0,9.375,9.0,1.875,10.875,-2.243,-0.029,-0.058,-0.321,-0.037,-0.002,-0.04,0.114,-0.321,-6.058,-0.044,0.125,0.081
258,Mitchell,CRY,DEF,3253,3,3.735,2.286,-1.449,0.044,0.134,0.09,0.07,0.054,-0.016,0.114,0.189,0.075,0.0,0.0,0.0,🧊 Cold,0.747,3.735,0.028,0.083,0.332,0.044,0.07,0.114,1.377,0.221,13.778,4.012,2.767,6.778,2.286,0.0,0.286,0.0,0.134,0.054,0.189,1.777,0.0,9.143,4.571,3.714,8.286,-1.449,-0.028,0.203,-0.332,0.09,-0.016,0.075,0.4,-0.221,-4.635,0.559,0.947,1.508
260,Guéhi,MCI,DEF,3150,3,5.114,5.667,0.553,0.116,0.05,-0.066,0.068,0.03,-0.038,0.183,0.08,-0.103,0.0,0.0,0.0,Neutral,1.023,5.114,0.086,0.143,0.4,0.116,0.068,0.183,1.274,0.4,19.657,6.629,1.314,7.943,5.667,0.0,0.0,0.667,0.05,0.03,0.08,0.97,0.333,22.667,5.333,1.333,6.667,0.553,-0.086,-0.143,0.267,-0.066,-0.038,-0.103,-0.304,-0.067,3.01,-1.296,0.019,-1.276
266,Eze,ARS,MID,1885,3,5.395,3.913,-1.482,0.247,0.411,0.164,0.127,0.059,-0.068,0.374,0.47,0.096,0.0,0.0,0.0,🧊 Cold,1.079,5.395,0.334,0.143,0.525,0.247,0.127,0.374,0.678,0.382,20.96,1.05,0.907,5.729,3.913,0.0,0.0,1.174,0.411,0.059,0.47,0.665,0.0,17.217,0.391,0.391,4.696,-1.482,-0.334,-0.143,0.649,0.164,-0.068,0.096,-0.013,-0.382,-3.743,-0.659,-0.516,-1.033
267,Sarr,CRY,MID,2173,3,4.846,5.647,0.801,0.453,0.646,0.193,0.048,0.046,-0.002,0.501,0.692,0.191,0.0,0.0,0.0,Neutral,0.969,4.846,0.373,0.083,0.373,0.453,0.048,0.501,1.294,0.373,14.869,1.657,0.746,5.674,5.647,0.706,0.0,0.0,0.646,0.046,0.692,1.645,0.0,18.353,1.412,0.0,5.294,0.801,0.333,-0.083,-0.373,0.193,-0.002,0.191,0.351,-0.373,3.484,-0.245,-0.746,-0.38
271,Kamada,CRY,MID,1899,3,3.175,2.625,-0.55,0.078,0.082,0.004,0.154,0.326,0.172,0.231,0.409,0.178,0.0,0.0,0.0,Neutral,0.635,3.175,0.0,0.095,0.284,0.078,0.154,0.231,1.234,0.0,15.687,1.801,2.938,9.858,2.625,0.0,0.0,0.0,0.082,0.326,0.409,1.901,0.0,15.375,1.875,3.375,10.125,-0.55,0.0,-0.095,-0.284,0.004,0.172,0.178,0.667,0.0,-0.312,0.074,0.437,0.267
287,Pickford,EVE,GKP,3420,4,3.553,1.75,-1.803,0.0,0.0,0.0,0.005,0.01,0.005,0.005,0.01,0.005,2.632,2.0,-0.632,🧊 Cold,0.711,3.553,0.0,0.0,0.289,0.0,0.005,0.005,1.48,0.289,14.342,1.368,0.053,0.0,1.75,0.0,0.0,0.0,0.0,0.01,0.01,1.48,0.0,7.5,2.5,0.0,0.0,-1.803,0.0,0.0,-0.289,0.0,0.005,0.005,0.0,-0.289,-6.842,1.132,-0.053,0.0
291,Tarkowski,EVE,DEF,3330,4,4.595,5.25,0.655,0.068,0.08,0.012,0.057,0.143,0.086,0.125,0.222,0.097,0.0,0.0,0.0,Neutral,0.919,4.595,0.054,0.081,0.297,0.068,0.057,0.125,1.447,0.324,16.0,8.784,1.378,10.162,5.25,0.25,0.25,0.0,0.08,0.143,0.222,1.48,0.75,9.5,7.75,2.25,10.0,0.655,0.196,0.169,-0.297,0.012,0.086,0.097,0.033,0.426,-6.5,-1.034,0.872,-0.162
292,Mykolenko,EVE,DEF,2959,4,2.889,1.0,-1.889,0.009,0.0,-0.009,0.075,0.03,-0.045,0.083,0.03,-0.053,0.0,0.0,0.0,🧊 Cold,0.578,2.889,0.0,0.03,0.274,0.009,0.075,0.083,1.472,0.061,10.645,5.566,1.46,7.026,1.0,0.0,0.0,0.0,0.0,0.03,0.03,1.48,0.0,2.0,4.25,1.25,5.5,-1.889,0.0,-0.03,-0.274,-0.009,-0.045,-0.053,0.008,-0.061,-8.645,-1.316,-0.21,-1.526
293,O'Brien,EVE,DEF,3118,4,3.348,2.195,-1.153,0.048,0.2,0.152,0.029,0.011,-0.018,0.077,0.211,0.134,0.0,0.0,0.0,🧊 Cold,0.67,3.348,0.029,0.087,0.289,0.048,0.029,0.077,1.544,0.058,10.622,5.022,1.645,6.668,2.195,0.274,0.0,0.0,0.2,0.011,0.211,1.57,0.0,-0.549,3.018,1.372,4.39,-1.153,0.245,-0.087,-0.289,0.152,-0.018,0.134,0.026,-0.058,-11.171,-2.004,-0.273,-2.278
295,Keane,EVE,DEF,2588,4,4.556,2.75,-1.806,0.08,0.082,0.002,0.017,0.07,0.053,0.097,0.153,0.056,0.0,0.0,0.0,🧊 Cold,0.911,4.556,0.104,0.035,0.243,0.08,0.017,0.097,1.548,0.278,14.049,9.216,1.287,10.502,2.75,0.0,0.25,0.0,0.082,0.07,0.153,1.48,0.0,5.0,7.5,1.5,9.0,-1.806,-0.104,0.215,-0.243,0.002,0.053,0.056,-0.068,-0.278,-9.049,-1.716,0.213,-1.502
299,Ndiaye,EVE,MID,2781,4,4.142,2.0,-2.142,0.216,0.34,0.124,0.143,0.032,-0.111,0.359,0.373,0.014,0.0,0.0,0.0,🧊 Cold,0.828,4.142,0.194,0.097,0.259,0.216,0.143,0.359,1.381,0.227,17.476,1.23,2.168,9.159,2.0,0.0,0.0,0.0,0.34,0.032,0.373,1.48,0.0,8.0,1.0,1.25,5.75,-2.142,-0.194,-0.097,-0.259,0.124,-0.111,0.014,0.099,-0.227,-9.476,-0.23,-0.918,-3.409
303,Garner,EVE,MID,3413,4,4.193,2.75,-1.443,0.055,0.028,-0.027,0.163,0.255,0.092,0.218,0.283,0.065,0.0,0.0,0.0,🧊 Cold,0.839,4.193,0.053,0.185,0.29,0.055,0.163,0.218,1.481,0.343,21.57,4.061,3.138,12.077,2.75,0.0,0.25,0.0,0.028,0.255,0.283,1.48,0.0,21.5,2.25,2.75,9.0,-1.443,-0.053,0.065,-0.29,-0.027,0.092,0.065,-0.001,-0.343,-0.07,-1.811,-0.388,-3.077
304,Iroegbunam,EVE,MID,1477,4,4.144,2.418,-1.726,0.033,0.011,-0.022,0.043,0.021,-0.022,0.076,0.032,-0.044,0.0,0.0,0.0,🧊 Cold,0.829,4.144,0.0,0.183,0.487,0.033,0.043,0.076,1.501,0.061,13.71,2.62,4.144,11.517,2.418,0.0,0.0,0.0,0.011,0.021,0.032,1.483,0.0,7.522,2.955,4.03,10.478,-1.726,0.0,-0.183,-0.487,-0.022,-0.022,-0.044,-0.018,-0.061,-6.188,0.335,-0.114,-1.039
311,Beto,EVE,FWD,1551,3,6.035,5.143,-0.892,0.516,0.3,-0.216,0.013,0.004,-0.009,0.53,0.304,-0.226,0.0,0.0,0.0,Neutral,1.207,6.035,0.522,0.058,0.29,0.516,0.013,0.53,1.402,0.87,19.903,2.843,0.812,5.164,5.143,0.429,0.0,0.0,0.3,0.004,0.304,1.251,0.857,17.143,3.857,0.0,4.286,-0.892,-0.093,-0.058,-0.29,-0.216,-0.009,-0.226,-0.151,-0.013,-2.76,1.014,-0.812,-0.878
314,Leno,FUL,GKP,3420,4,3.211,3.5,0.289,0.0,0.0,0.0,0.001,0.005,0.004,0.001,0.005,0.004,2.579,3.25,0.671,Neutral,0.642,3.211,0.0,0.0,0.237,0.0,0.001,0.001,1.388,0.211,14.632,1.211,0.105,0.0,3.5,0.0,0.0,0.25,0.0,0.005,0.005,1.44,0.0,18.25,0.5,0.0,0.0,0.289,0.0,0.0,0.013,0.0,0.004,0.004,0.052,-0.211,3.618,-0.711,-0.105,0.0
316,Robinson,FUL,DEF,1487,4,3.934,5.0,1.066,0.065,0.213,0.148,0.096,0.06,-0.036,0.16,0.272,0.112,0.0,0.0,0.0,🔥 Hot,0.787,3.934,0.061,0.0,0.242,0.065,0.096,0.16,1.46,0.424,16.947,5.326,2.905,8.231,5.0,0.25,0.0,0.25,0.213,0.06,0.272,1.44,0.75,20.5,4.75,3.0,7.75,1.066,0.189,0.0,0.008,0.148,-0.036,0.112,-0.02,0.326,3.553,-0.576,0.095,-0.481
318,Bassey,FUL,DEF,2532,4,3.661,2.75,-0.911,0.061,0.0,-0.061,0.012,0.018,0.006,0.073,0.018,-0.055,0.0,0.0,0.0,🧊 Cold,0.732,3.661,0.036,0.036,0.249,0.061,0.012,0.073,1.351,0.32,13.934,5.083,2.204,7.287,2.75,0.0,0.0,0.25,0.0,0.018,0.018,1.44,0.0,17.75,3.25,2.5,5.75,-0.911,-0.036,-0.036,0.001,-0.061,0.006,-0.055,0.089,-0.32,3.816,-1.833,0.296,-1.537
319,Castagne,FUL,DEF,1838,4,2.987,4.091,1.104,0.073,0.074,0.001,0.072,0.136,0.064,0.145,0.21,0.065,0.0,0.0,0.0,🔥 Hot,0.597,2.987,0.0,0.098,0.147,0.073,0.072,0.145,1.599,0.147,14.396,5.19,1.959,7.149,4.091,0.0,0.256,0.256,0.074,0.136,0.21,1.462,0.511,20.71,3.068,2.812,5.881,1.104,0.0,0.158,0.109,0.001,0.064,0.065,-0.137,0.364,6.314,-2.122,0.853,-1.268
325,Smith Rowe,FUL,MID,1909,4,3.772,2.657,-1.115,0.222,0.083,-0.139,0.053,0.013,-0.04,0.275,0.096,-0.179,0.0,0.0,0.0,🧊 Cold,0.754,3.772,0.141,0.047,0.283,0.222,0.053,0.275,1.474,0.047,16.548,1.98,1.65,6.977,2.657,0.0,0.0,0.332,0.083,0.013,0.096,1.451,0.0,15.609,0.996,2.325,7.306,-1.115,-0.141,-0.047,0.049,-0.139,-0.04,-0.179,-0.023,-0.047,-0.939,-0.984,0.675,0.329
332,Lukić,FUL,MID,1730,3,3.486,2.333,-1.153,0.116,0.013,-0.103,0.099,0.073,-0.026,0.215,0.087,-0.128,0.0,0.0,0.0,🧊 Cold,0.697,3.486,0.052,0.208,0.312,0.116,0.099,0.215,1.438,0.208,16.335,3.277,2.549,9.52,2.333,0.0,0.0,0.0,0.013,0.073,0.087,1.817,0.333,15.0,4.0,2.333,10.0,-1.153,-0.052,-0.208,-0.312,-0.103,-0.026,-0.128,0.379,0.125,-1.335,0.723,-0.216,0.48
338,Muniz,FUL,FWD,987,3,3.283,2.213,-1.07,0.301,0.376,0.075,0.014,0.007,-0.007,0.315,0.384,0.069,0.0,0.0,0.0,🧊 Cold,0.657,3.283,0.091,0.091,0.274,0.301,0.014,0.315,1.261,0.274,8.571,2.644,0.729,4.742,2.213,0.0,0.0,0.369,0.376,0.007,0.384,0.741,0.0,4.426,0.738,0.738,1.844,-1.07,-0.091,-0.091,0.095,0.075,-0.007,0.069,-0.52,-0.274,-4.145,-1.906,0.009,-2.898
341,Darlow,LEE,GKP,1980,4,3.227,4.25,1.023,0.0,0.0,0.0,0.002,0.002,0.0,0.002,0.002,0.0,2.864,3.75,0.886,🔥 Hot,0.645,3.227,0.0,0.0,0.227,0.0,0.002,0.002,1.289,0.136,15.182,1.364,0.045,0.0,4.25,0.0,0.0,0.25,0.0,0.002,0.002,1.878,0.75,17.0,1.25,0.0,0.0,1.023,0.0,0.0,0.023,0.0,0.0,0.0,0.589,0.614,1.818,-0.114,-0.045,0.0
343,Struijk,LEE,DEF,2935,3,3.312,1.149,-2.163,0.094,0.034,-0.06,0.023,0.015,-0.008,0.117,0.05,-0.067,0.0,0.0,0.0,🧊 Cold,0.662,3.312,0.0,0.031,0.215,0.094,0.023,0.117,1.316,0.123,12.634,7.911,1.196,9.107,1.149,0.0,0.0,0.0,0.034,0.015,0.05,1.551,0.0,4.213,3.064,1.149,4.213,-2.163,0.0,-0.031,-0.215,-0.06,-0.008,-0.067,0.235,-0.123,-8.421,-4.847,-0.047,-4.894
344,Bijol,LEE,DEF,1888,4,4.719,5.044,0.325,0.043,0.0,-0.043,0.036,0.032,-0.004,0.079,0.032,-0.047,0.0,0.0,0.0,Neutral,0.944,4.719,0.048,0.143,0.238,0.043,0.036,0.079,1.501,0.286,15.397,9.248,1.192,10.44,5.044,0.0,0.265,0.265,0.0,0.032,0.032,1.824,0.265,17.788,11.681,0.531,12.212,0.325,-0.048,0.122,0.027,-0.043,-0.004,-0.047,0.323,-0.021,2.391,2.433,-0.661,1.772
348,Rodon,LEE,DEF,2952,4,3.323,2.25,-1.073,0.043,0.045,0.002,0.017,0.02,0.003,0.06,0.065,0.005,0.0,0.0,0.0,🧊 Cold,0.665,3.323,0.061,0.0,0.183,0.043,0.017,0.06,1.48,0.152,11.372,7.226,1.128,8.354,2.25,0.0,0.0,0.25,0.045,0.02,0.065,1.878,0.0,9.75,5.25,1.0,6.25,-1.073,-0.061,0.0,0.067,0.002,0.003,0.005,0.398,-0.152,-1.622,-1.976,-0.128,-2.104
350,Aaronson,LEE,MID,2449,3,4.63,1.965,-2.665,0.166,0.11,-0.056,0.132,0.181,0.049,0.299,0.291,-0.008,0.0,0.0,0.0,🧊 Cold,0.926,4.63,0.147,0.294,0.331,0.166,0.132,0.299,1.362,0.184,16.39,1.323,1.837,7.938,1.965,0.0,0.0,0.0,0.11,0.181,0.291,2.075,0.0,10.218,1.572,1.572,7.074,-2.665,-0.147,-0.294,-0.331,-0.056,0.049,-0.008,0.713,-0.184,-6.172,0.249,-0.265,-0.864
354,Ampadu,LEE,MID,3119,4,3.867,4.25,0.383,0.071,0.022,-0.049,0.063,0.022,-0.041,0.135,0.045,-0.09,0.0,0.0,0.0,Neutral,0.773,3.867,0.029,0.115,0.231,0.071,0.063,0.135,1.404,0.317,16.909,4.357,2.337,12.004,4.25,0.0,0.25,0.25,0.022,0.022,0.045,1.878,0.75,17.25,4.25,1.5,10.75,0.383,-0.029,0.135,0.019,-0.049,-0.041,-0.09,0.474,0.433,0.341,-0.107,-0.837,-1.254
358,Tanaka,LEE,MID,1307,4,4.614,4.848,0.234,0.099,0.042,-0.057,0.096,0.027,-0.069,0.195,0.07,-0.125,0.0,0.0,0.0,Neutral,0.923,4.614,0.138,0.069,0.207,0.099,0.096,0.195,1.48,0.275,19.832,2.617,1.859,10.122,4.848,0.0,0.303,0.0,0.042,0.027,0.07,1.639,0.606,19.394,3.03,2.121,11.818,0.234,-0.138,0.234,-0.207,-0.057,-0.069,-0.125,0.159,0.331,-0.438,0.413,0.262,1.696
373,Virgil,LIV,DEF,3420,4,4.605,4.75,0.145,0.099,0.19,0.091,0.038,0.055,0.017,0.137,0.245,0.108,0.0,0.0,0.0,Neutral,0.921,4.605,0.158,0.026,0.263,0.099,0.038,0.137,1.253,0.263,15.605,8.658,0.605,9.263,4.75,0.5,0.0,0.0,0.19,0.055,0.245,1.562,0.0,12.0,7.5,0.0,7.5,0.145,0.342,-0.026,-0.263,0.091,0.017,0.108,0.309,-0.263,-3.605,-1.158,-0.605,-1.763
374,Konaté,LIV,DEF,3090,4,3.757,1.059,-2.698,0.035,0.037,0.002,0.029,0.013,-0.016,0.063,0.05,-0.013,0.0,0.0,0.0,🧊 Cold,0.751,3.757,0.029,0.0,0.291,0.035,0.029,0.063,1.184,0.233,15.495,6.99,1.544,8.534,1.059,0.0,0.0,0.0,0.037,0.013,0.05,1.514,0.0,5.294,3.706,0.794,4.5,-2.698,-0.029,0.0,-0.291,0.002,-0.016,-0.013,0.33,-0.233,-10.201,-3.284,-0.75,-4.034
384,Gakpo,LIV,MID,2736,4,4.309,3.283,-1.026,0.275,0.347,0.072,0.154,0.019,-0.135,0.428,0.367,-0.061,0.0,0.0,0.0,🧊 Cold,0.862,4.309,0.23,0.164,0.329,0.275,0.154,0.428,1.149,0.164,14.77,1.217,0.921,5.0,3.283,0.274,0.0,0.0,0.347,0.019,0.367,1.682,0.0,7.112,1.641,0.274,4.377,-1.026,0.044,-0.164,-0.329,0.072,-0.135,-0.061,0.533,-0.164,-7.658,0.424,-0.647,-0.623
386,Mac Allister,LIV,MID,2654,4,3.662,2.0,-1.662,0.132,0.12,-0.012,0.057,0.073,0.016,0.189,0.192,0.003,0.0,0.0,0.0,🧊 Cold,0.732,3.662,0.068,0.17,0.237,0.132,0.057,0.189,1.254,0.305,16.616,2.17,1.797,7.766,2.0,0.0,0.0,0.0,0.12,0.073,0.192,1.562,0.0,12.0,1.25,2.0,6.5,-1.662,-0.068,-0.17,-0.237,-0.012,0.016,0.003,0.308,-0.305,-4.616,-0.92,0.203,-1.266
387,Szoboszlai,LIV,MID,3232,4,4.455,6.5,2.045,0.133,0.188,0.055,0.19,0.308,0.118,0.323,0.495,0.172,0.0,0.0,0.0,🔥 Hot,0.891,4.455,0.167,0.195,0.251,0.133,0.19,0.323,1.271,0.585,21.72,2.673,1.559,9.412,6.5,0.25,0.75,0.0,0.188,0.308,0.495,1.562,1.0,29.75,1.0,1.5,6.25,2.045,0.083,0.555,-0.251,0.055,0.118,0.172,0.291,0.415,8.03,-1.673,-0.059,-3.162
388,C.Jones,LIV,MID,1923,4,3.791,3.75,-0.041,0.103,0.18,0.077,0.13,0.048,-0.082,0.233,0.227,-0.006,0.0,0.0,0.0,Neutral,0.758,3.791,0.047,0.14,0.14,0.103,0.13,0.233,1.471,0.281,20.92,2.48,1.872,11.092,3.75,0.25,0.0,0.0,0.18,0.048,0.227,1.562,0.75,22.0,2.75,1.5,9.5,-0.041,0.203,-0.14,-0.14,0.077,-0.082,-0.006,0.091,0.469,1.08,0.27,-0.372,-1.592
390,Gravenberch,LIV,MID,2991,4,4.333,4.404,0.071,0.057,0.063,0.006,0.068,0.044,-0.024,0.125,0.107,-0.018,0.0,0.0,0.0,Neutral,0.867,4.333,0.15,0.15,0.271,0.057,0.068,0.125,1.156,0.512,20.191,3.37,1.775,8.967,4.404,0.275,0.0,0.0,0.063,0.044,0.107,1.327,0.826,20.367,2.752,1.651,6.33,0.071,0.125,-0.15,-0.271,0.006,-0.024,-0.018,0.171,0.314,0.176,-0.618,-0.124,-2.637
407,Matheus N.,MCI,DEF,2861,3,4.844,3.038,-1.806,0.011,0.0,-0.011,0.07,0.027,-0.043,0.081,0.027,-0.054,0.0,0.0,0.0,🧊 Cold,0.969,4.844,0.031,0.252,0.377,0.011,0.07,0.081,1.098,0.503,21.265,4.341,1.793,6.134,3.038,0.0,0.0,0.38,0.0,0.027,0.027,1.003,0.0,17.468,4.177,0.38,4.557,-1.806,-0.031,-0.252,0.003,-0.011,-0.043,-0.054,-0.095,-0.503,-3.797,-0.164,-1.413,-1.577
416,Bernardo,MCI,MID,2869,4,3.2,2.883,-0.317,0.085,0.141,0.056,0.129,0.077,-0.052,0.214,0.218,0.004,0.0,0.0,0.0,Neutral,0.64,3.2,0.063,0.125,0.408,0.085,0.129,0.214,1.116,0.125,16.751,1.945,1.694,8.219,2.883,0.0,0.0,0.641,0.141,0.077,0.218,0.631,0.0,15.053,1.922,3.523,11.21,-0.317,-0.063,-0.125,0.233,0.056,-0.052,0.004,-0.485,-0.125,-1.698,-0.023,1.829,2.991
437,Martinez,MUN,DEF,1229,3,3.735,5.0,1.265,0.011,0.03,0.019,0.044,0.013,-0.031,0.055,0.043,-0.012,0.0,0.0,0.0,🔥 Hot,0.747,3.735,0.0,0.0,0.366,0.011,0.044,0.055,1.115,0.22,17.648,6.298,1.391,7.689,5.0,0.0,0.0,0.667,0.03,0.013,0.043,1.307,0.0,24.0,6.333,2.0,8.333,1.265,0.0,0.0,0.301,0.019,-0.031,-0.012,0.192,-0.22,6.352,0.035,0.609,0.644
442,Maguire,MUN,DEF,1649,4,4.912,5.0,0.088,0.061,0.05,-0.011,0.027,0.028,0.001,0.088,0.078,-0.01,0.0,0.0,0.0,Neutral,0.982,4.912,0.055,0.109,0.382,0.061,0.027,0.088,1.253,0.273,17.192,7.041,1.201,8.241,5.0,0.0,0.0,0.5,0.05,0.028,0.078,1.202,0.5,19.75,8.25,2.0,10.25,0.088,-0.055,-0.109,0.118,-0.011,0.001,-0.01,-0.051,0.227,2.558,1.209,0.799,2.009
443,Shaw,MUN,DEF,3220,4,3.158,5.128,1.97,0.02,0.031,0.011,0.055,0.11,0.055,0.075,0.141,0.066,0.0,0.0,0.0,🔥 Hot,0.632,3.158,0.028,0.028,0.28,0.02,0.055,0.075,1.255,0.084,12.55,4.165,2.096,6.261,5.128,0.256,0.0,0.513,0.031,0.11,0.141,1.174,0.0,18.718,5.641,1.795,7.436,1.97,0.228,-0.028,0.233,0.011,0.055,0.066,-0.081,-0.084,6.168,1.476,-0.301,1.175
449,B.Fernandes,MUN,MID,3065,4,6.9,7.75,0.85,0.317,0.102,-0.215,0.361,0.518,0.157,0.677,0.62,-0.057,0.0,0.0,0.0,Neutral,1.38,6.9,0.264,0.705,0.206,0.317,0.361,0.677,1.304,1.204,29.599,1.967,1.556,8.427,7.75,0.25,1.0,0.5,0.102,0.518,0.62,1.202,1.25,33.5,1.5,1.0,6.75,0.85,-0.014,0.295,0.294,-0.215,0.157,-0.057,-0.102,0.046,3.901,-0.467,-0.556,-1.677
450,Cunha,MUN,MID,2493,3,5.162,6.353,1.191,0.249,0.261,0.012,0.121,0.222,0.101,0.37,0.484,0.114,0.0,0.0,0.0,🔥 Hot,1.032,5.162,0.361,0.144,0.289,0.249,0.121,0.37,1.291,0.505,21.336,1.661,1.408,7.617,6.353,0.706,0.0,0.353,0.261,0.222,0.484,1.327,0.706,30.0,2.118,1.412,8.471,1.191,0.345,-0.144,0.064,0.012,0.101,0.114,0.036,0.201,8.664,0.457,0.004,0.854
452,Amad,MUN,MID,2339,3,3.501,3.913,0.412,0.21,0.102,-0.108,0.182,0.358,0.176,0.392,0.461,0.069,0.0,0.0,0.0,Neutral,0.7,3.501,0.077,0.192,0.231,0.21,0.182,0.392,1.219,0.269,17.815,1.847,1.462,7.619,3.913,0.0,0.301,0.602,0.102,0.358,0.461,1.385,0.301,13.545,0.903,0.903,4.816,0.412,-0.077,0.109,0.371,-0.108,0.176,0.069,0.166,0.032,-4.27,-0.944,-0.559,-2.803
458,Mainoo,MUN,MID,1653,4,3.975,5.0,1.025,0.026,0.06,0.034,0.069,0.022,-0.047,0.095,0.082,-0.013,0.0,0.0,0.0,🔥 Hot,0.795,3.975,0.054,0.109,0.327,0.026,0.069,0.095,1.246,0.109,18.512,3.049,1.96,10.181,5.0,0.25,0.0,0.5,0.06,0.022,0.082,1.202,0.5,21.0,4.0,0.75,10.25,1.025,0.196,-0.109,0.173,0.034,-0.047,-0.013,-0.044,0.391,2.488,0.951,-1.21,0.069
469,Pope,NEW,GKP,2416,4,3.576,3.0,-0.576,0.006,0.0,-0.006,0.0,0.0,0.0,0.006,0.0,-0.006,3.315,4.75,1.435,Neutral,0.715,3.576,0.0,0.037,0.261,0.006,0.0,0.006,1.225,0.112,15.422,1.304,0.037,0.0,3.0,0.0,0.0,0.0,0.0,0.0,0.0,1.348,0.0,17.5,0.5,0.0,0.0,-0.576,0.0,-0.037,-0.261,-0.006,0.0,-0.006,0.123,-0.112,2.078,-0.804,-0.037,0.0
473,Hall,NEW,DEF,2176,3,3.267,1.541,-1.726,0.042,0.049,0.007,0.115,0.074,-0.041,0.157,0.123,-0.034,0.0,0.0,0.0,🧊 Cold,0.653,3.267,0.041,0.083,0.165,0.042,0.115,0.157,1.56,0.165,14.352,4.922,2.233,7.155,1.541,0.0,0.0,0.0,0.049,0.074,0.123,1.35,0.0,11.096,4.623,1.541,6.164,-1.726,-0.041,-0.083,-0.165,0.007,-0.041,-0.034,-0.21,-0.165,-3.256,-0.299,-0.692,-0.991
475,Botman,NEW,DEF,1834,4,4.368,3.75,-0.618,0.085,0.028,-0.057,0.042,0.092,0.05,0.127,0.12,-0.007,0.0,0.0,0.0,Neutral,0.874,4.368,0.049,0.049,0.245,0.085,0.042,0.127,1.353,0.294,16.292,9.569,1.031,10.6,3.75,0.0,0.0,0.0,0.028,0.092,0.12,1.348,0.0,14.75,13.25,1.5,14.75,-0.618,-0.049,-0.049,-0.245,-0.057,0.05,-0.007,-0.005,-0.294,-1.542,3.681,0.469,4.15
476,Burn,NEW,DEF,2195,3,3.813,3.561,-0.252,0.044,0.055,0.011,0.015,0.01,-0.005,0.059,0.065,0.006,0.0,0.0,0.0,Neutral,0.763,3.813,0.041,0.123,0.246,0.044,0.015,0.059,1.236,0.205,11.727,7.585,1.64,9.226,3.561,0.324,0.0,0.0,0.055,0.01,0.065,1.47,0.0,14.245,4.209,2.266,6.475,-0.252,0.283,-0.123,-0.246,0.011,-0.005,0.006,0.234,-0.205,2.518,-3.376,0.626,-2.751
488,Bruno G.,NEW,MID,2456,4,5.643,4.567,-1.076,0.205,0.145,-0.06,0.182,0.263,0.081,0.387,0.408,0.021,0.0,0.0,0.0,Neutral,1.129,5.643,0.33,0.257,0.22,0.205,0.182,0.387,1.172,0.806,24.955,2.015,2.272,9.198,4.567,0.0,0.269,0.0,0.145,0.263,0.408,1.29,0.806,19.881,2.687,2.149,11.284,-1.076,-0.33,0.012,-0.22,-0.06,0.081,0.021,0.118,0.0,-5.074,0.672,-0.123,2.086
489,J.Murphy,NEW,MID,1606,3,4.595,6.257,1.662,0.172,0.01,-0.162,0.149,0.111,-0.038,0.321,0.12,-0.201,0.0,0.0,0.0,🔥 Hot,0.919,4.595,0.168,0.112,0.448,0.172,0.149,0.321,1.365,0.28,17.597,1.513,0.897,5.044,6.257,0.0,0.481,0.481,0.01,0.111,0.12,1.463,1.444,20.214,3.85,0.481,6.257,1.662,-0.168,0.369,0.033,-0.162,-0.038,-0.201,0.098,1.164,2.617,2.337,-0.416,1.213
491,Tonali,NEW,MID,2534,3,2.877,1.552,-1.325,0.062,0.023,-0.039,0.102,0.089,-0.013,0.164,0.112,-0.052,0.0,0.0,0.0,🧊 Cold,0.575,2.877,0.0,0.071,0.249,0.062,0.102,0.164,1.285,0.071,16.942,2.664,1.243,9.128,1.552,0.0,0.0,0.0,0.023,0.089,0.112,1.144,0.0,16.681,3.879,1.164,9.698,-1.325,0.0,-0.071,-0.249,-0.039,-0.013,-0.052,-0.141,-0.071,-0.261,1.215,-0.079,0.57
500,Osula,NEW,FWD,805,4,8.497,8.182,-0.315,0.479,0.711,0.232,0.069,0.148,0.079,0.548,0.859,0.311,0.0,0.0,0.0,Neutral,1.699,8.497,0.783,0.112,0.224,0.479,0.069,0.548,1.619,1.453,31.752,0.224,0.671,3.466,8.182,0.944,0.0,0.315,0.711,0.148,0.859,1.167,1.888,33.671,0.0,0.944,2.203,-0.315,0.161,-0.112,0.091,0.232,0.079,0.311,-0.452,0.435,1.919,-0.224,0.273,-1.263
502,Sels,NFO,GKP,2667,4,3.543,4.0,0.457,0.0,0.0,0.0,0.002,0.0,-0.002,0.002,0.0,-0.002,3.206,4.25,1.044,Neutral,0.709,3.543,0.0,0.0,0.236,0.0,0.002,0.002,1.523,0.101,14.544,0.877,0.034,0.0,4.0,0.0,0.0,0.0,0.0,0.0,0.0,2.287,0.0,15.75,1.0,0.0,0.0,0.457,0.0,0.0,-0.236,0.0,-0.002,-0.002,0.764,-0.101,1.206,0.123,-0.034,0.0
505,Milenković,NFO,DEF,3375,3,3.173,2.286,-0.887,0.022,0.006,-0.016,0.018,0.063,0.045,0.04,0.069,0.029,0.0,0.0,0.0,🧊 Cold,0.635,3.173,0.0,0.027,0.24,0.022,0.018,0.04,1.466,0.053,10.693,7.493,0.8,8.293,2.286,0.0,0.0,0.0,0.006,0.063,0.069,2.291,0.0,5.714,6.571,0.857,7.429,-0.887,0.0,-0.027,-0.24,-0.016,0.045,0.029,0.825,-0.053,-4.979,-0.922,0.057,-0.864
508,N.Williams,NFO,DEF,3203,3,3.597,1.714,-1.883,0.056,0.031,-0.025,0.112,0.034,-0.078,0.168,0.066,-0.102,0.0,0.0,0.0,🧊 Cold,0.719,3.597,0.056,0.084,0.253,0.056,0.112,0.168,1.443,0.421,14.92,4.243,2.697,6.94,1.714,0.0,0.0,0.0,0.031,0.034,0.066,2.517,0.0,8.857,6.0,3.429,9.429,-1.883,-0.056,-0.084,-0.253,-0.025,-0.078,-0.102,1.074,-0.421,-6.063,1.757,0.732,2.489
511,Morato,NFO,DEF,1340,4,3.56,4.0,0.44,0.089,0.122,0.033,0.01,0.018,0.008,0.099,0.14,0.041,0.0,0.0,0.0,Neutral,0.712,3.56,0.067,0.0,0.134,0.089,0.01,0.099,1.635,0.067,12.761,7.657,2.015,9.672,4.0,0.25,0.0,0.0,0.122,0.018,0.14,2.287,0.0,9.0,7.5,1.25,8.75,0.44,0.183,0.0,-0.134,0.033,0.008,0.041,0.652,-0.067,-3.761,-0.157,-0.765,-0.922
517,Anderson,NFO,MID,3332,3,4.862,8.408,3.546,0.079,0.044,-0.035,0.129,0.343,0.214,0.209,0.386,0.177,0.0,0.0,0.0,🔥 Hot,0.972,4.862,0.108,0.135,0.27,0.079,0.129,0.209,1.449,0.432,21.474,2.863,2.782,13.911,8.408,0.311,0.623,0.0,0.044,0.343,0.386,2.457,1.869,32.699,3.737,2.803,14.325,3.546,0.203,0.488,-0.27,-0.035,0.214,0.177,1.008,1.437,11.225,0.874,0.021,0.414
519,Dominguez,NFO,MID,1168,3,3.699,2.446,-1.253,0.113,0.157,0.044,0.059,0.024,-0.035,0.173,0.181,0.008,0.0,0.0,0.0,🧊 Cold,0.74,3.699,0.077,0.077,0.231,0.113,0.059,0.173,1.788,0.231,17.646,2.235,4.315,11.019,2.446,0.0,0.0,0.0,0.157,0.024,0.181,2.27,0.0,19.076,4.402,4.891,13.696,-1.253,-0.077,-0.077,-0.231,0.044,-0.035,0.008,0.482,-0.231,1.43,2.167,0.576,2.677
526,Igor Jesus,NFO,FWD,2293,4,4.474,3.0,-1.474,0.254,0.396,0.142,0.049,0.012,-0.037,0.304,0.408,0.104,0.0,0.0,0.0,🧊 Cold,0.895,4.474,0.235,0.235,0.353,0.254,0.049,0.304,1.522,0.51,15.975,1.491,0.942,4.828,3.0,0.3,0.0,0.0,0.396,0.012,0.408,2.184,0.0,14.7,0.9,0.9,5.4,-1.474,0.065,-0.235,-0.353,0.142,-0.037,0.104,0.662,-0.51,-1.275,-0.591,-0.042,0.572
532,Hume,SUN,DEF,3032,4,3.265,4.665,1.4,0.067,0.071,0.004,0.061,0.088,0.027,0.128,0.159,0.031,0.0,0.0,0.0,🔥 Hot,0.653,3.265,0.059,0.03,0.267,0.067,0.061,0.128,1.403,0.178,11.369,4.007,2.018,6.026,4.665,0.274,0.0,0.274,0.071,0.088,0.159,0.914,0.0,15.915,1.921,1.372,3.293,1.4,0.215,-0.03,0.007,0.004,0.027,0.031,-0.489,-0.178,4.546,-2.086,-0.646,-2.733
541,Reinildo,SUN,DEF,1966,4,3.388,3.695,0.307,0.006,0.0,-0.006,0.028,0.011,-0.017,0.034,0.011,-0.023,0.0,0.0,0.0,Neutral,0.678,3.388,0.0,0.092,0.275,0.006,0.028,0.034,1.223,0.275,12.864,5.722,1.785,7.508,3.695,0.0,0.0,0.264,0.0,0.011,0.011,1.011,0.0,17.683,5.015,2.111,7.126,0.307,0.0,-0.092,-0.011,-0.006,-0.017,-0.023,-0.212,-0.275,4.819,-0.707,0.326,-0.382
547,E.Le Fée,SUN,MID,2930,4,4.515,6.25,1.735,0.16,0.115,-0.045,0.183,0.34,0.157,0.343,0.455,0.112,0.0,0.0,0.0,🔥 Hot,0.903,4.515,0.154,0.184,0.307,0.16,0.183,0.343,1.428,0.491,19.075,2.365,2.734,9.799,6.25,0.25,0.25,0.25,0.115,0.34,0.455,1.068,1.5,27.0,1.25,3.5,10.25,1.735,0.096,0.066,-0.057,-0.045,0.157,0.112,-0.36,1.009,7.925,-1.115,0.766,0.451
552,Sadiki,SUN,MID,2891,4,2.49,2.752,0.262,0.045,0.127,0.082,0.045,0.03,-0.015,0.09,0.157,0.067,0.0,0.0,0.0,Neutral,0.498,2.49,0.0,0.062,0.28,0.045,0.045,0.09,1.289,0.0,12.764,2.771,1.432,7.721,2.752,0.0,0.0,0.275,0.127,0.03,0.157,0.914,0.0,12.661,1.927,0.275,7.982,0.262,0.0,-0.062,-0.005,0.082,-0.015,0.067,-0.375,0.0,-0.103,-0.844,-1.157,0.261
567,Kinsky,TOT,GKP,630,4,2.857,2.75,-0.107,0.0,0.0,0.0,0.0,0.0,0.0,0.0,0.0,0.0,1.429,1.5,0.071,Neutral,0.571,2.857,0.0,0.0,0.286,0.0,0.0,0.0,0.793,0.0,10.857,1.429,0.0,0.0,2.75,0.0,0.0,0.25,0.0,0.0,0.0,0.675,0.0,9.25,0.75,0.0,0.0,-0.107,0.0,0.0,-0.036,0.0,0.0,0.0,-0.118,0.0,-1.607,-0.679,0.0,0.0
568,Pedro Porro,TOT,DEF,2793,4,3.77,3.75,-0.02,0.034,0.04,0.006,0.141,0.23,0.089,0.175,0.27,0.095,0.0,0.0,0.0,Neutral,0.754,3.77,0.032,0.097,0.29,0.034,0.141,0.175,1.216,0.258,16.176,4.576,2.449,7.025,3.75,0.0,0.0,0.25,0.04,0.23,0.27,0.675,0.5,19.0,3.75,4.0,7.75,-0.02,-0.032,-0.097,-0.04,0.006,0.089,0.095,-0.541,0.242,2.824,-0.826,1.551,0.725
570,Danso,TOT,DEF,1489,4,3.808,4.25,0.442,0.037,0.082,0.045,0.017,0.01,-0.007,0.054,0.092,0.038,0.0,0.0,0.0,Neutral,0.762,3.808,0.0,0.0,0.242,0.037,0.017,0.054,1.218,0.06,13.237,9.973,1.632,11.605,4.25,0.0,0.0,0.25,0.082,0.01,0.092,0.675,0.0,14.25,9.0,1.25,10.25,0.442,0.0,0.0,0.008,0.045,-0.007,0.038,-0.543,-0.06,1.013,-0.973,-0.382,-1.355
574,Udogie,TOT,DEF,1335,4,1.955,2.991,1.036,0.012,0.005,-0.007,0.049,0.014,-0.035,0.061,0.019,-0.042,0.0,0.0,0.0,🔥 Hot,0.391,1.955,0.0,0.067,0.067,0.012,0.049,0.061,1.291,0.067,8.157,2.494,2.09,4.584,2.991,0.0,0.0,0.272,0.005,0.014,0.019,0.56,0.272,11.964,2.719,2.175,4.894,1.036,0.0,-0.067,0.205,-0.007,-0.035,-0.042,-0.731,0.205,3.807,0.225,0.085,0.31
575,Van de Ven,TOT,DEF,3041,4,3.433,2.5,-0.933,0.083,0.008,-0.075,0.011,0.005,-0.006,0.095,0.012,-0.083,0.0,0.0,0.0,🧊 Cold,0.687,3.433,0.118,0.03,0.266,0.083,0.011,0.095,1.272,0.296,12.756,5.15,1.125,6.274,2.5,0.0,0.0,0.25,0.008,0.005,0.012,0.675,0.0,12.75,3.25,0.75,4.0,-0.933,-0.118,-0.03,-0.016,-0.075,-0.006,-0.083,-0.597,-0.296,-0.006,-1.9,-0.375,-2.274
584,Tel,TOT,MID,1334,4,5.262,5.089,-0.173,0.167,0.088,-0.079,0.164,0.268,0.104,0.33,0.356,0.026,0.0,0.0,0.0,Neutral,1.052,5.262,0.27,0.135,0.202,0.167,0.164,0.33,1.166,0.472,17.946,1.282,1.349,7.489,5.089,0.268,0.268,0.536,0.088,0.268,0.356,0.576,0.536,16.875,1.875,0.268,6.161,-0.173,-0.002,0.133,0.334,-0.079,0.104,0.026,-0.59,0.064,-1.071,0.593,-1.081,-1.328
585,Bentancur,TOT,MID,1880,4,4.117,3.975,-0.142,0.034,0.06,0.026,0.04,0.017,-0.023,0.075,0.077,0.002,0.0,0.0,0.0,Neutral,0.823,4.117,0.048,0.048,0.383,0.034,0.04,0.075,1.132,0.191,17.521,4.356,2.681,13.309,3.975,0.0,0.0,0.568,0.06,0.017,0.077,0.537,0.284,18.454,3.407,3.407,12.492,-0.142,-0.048,-0.048,0.185,0.026,-0.023,0.002,-0.595,0.093,0.933,-0.949,0.726,-0.817
597,Richarlison,TOT,FWD,1954,4,5.481,5.263,-0.218,0.398,0.539,0.141,0.067,0.05,-0.017,0.465,0.589,0.124,0.0,0.0,0.0,Neutral,1.096,5.481,0.507,0.184,0.322,0.398,0.067,0.465,1.181,0.783,23.26,2.764,1.244,6.771,5.263,0.526,0.0,0.526,0.539,0.05,0.589,0.629,1.053,19.211,2.105,1.053,5.789,-0.218,0.019,-0.184,0.204,0.141,-0.017,0.124,-0.552,0.27,-4.049,-0.659,-0.191,-0.982
603,Diouf,WHU,DEF,2706,4,3.459,2.362,-1.097,0.019,0.018,-0.001,0.083,0.066,-0.017,0.102,0.084,-0.018,0.0,0.0,0.0,🧊 Cold,0.692,3.459,0.0,0.2,0.299,0.019,0.083,0.102,1.452,0.1,12.672,5.355,1.463,6.818,2.362,0.0,0.0,0.262,0.018,0.066,0.084,1.74,0.0,12.595,3.673,1.574,5.248,-1.097,0.0,-0.2,-0.037,-0.001,-0.017,-0.018,0.288,-0.1,-0.077,-1.682,0.111,-1.57
606,Mavropanos,WHU,DEF,2532,4,4.336,3.5,-0.836,0.088,0.012,-0.076,0.025,0.028,0.003,0.113,0.04,-0.073,0.0,0.0,0.0,Neutral,0.867,4.336,0.107,0.0,0.213,0.088,0.025,0.113,1.458,0.178,13.72,9.704,1.422,11.126,3.5,0.0,0.0,0.25,0.012,0.028,0.04,1.692,0.0,13.25,10.25,1.25,11.5,-0.836,-0.107,0.0,0.037,-0.076,0.003,-0.073,0.234,-0.178,-0.47,0.546,-0.172,0.374
613,Souček,WHU,MID,2190,4,4.233,2.169,-2.064,0.235,0.268,0.033,0.021,0.024,0.003,0.257,0.293,0.036,0.0,0.0,0.0,🧊 Cold,0.847,4.233,0.205,0.082,0.288,0.235,0.021,0.257,1.581,0.37,17.589,4.726,1.767,9.205,2.169,0.0,0.0,0.271,0.268,0.024,0.293,1.64,0.0,12.199,2.982,2.44,7.861,-2.064,-0.205,-0.082,-0.017,0.033,0.003,0.036,0.059,-0.37,-5.39,-1.744,0.673,-1.344
615,Summerville,WHU,MID,2470,4,4.008,2.521,-1.487,0.198,0.076,-0.122,0.122,0.151,0.029,0.32,0.227,-0.093,0.0,0.0,0.0,🧊 Cold,0.802,4.008,0.182,0.146,0.291,0.198,0.122,0.32,1.369,0.364,15.012,1.822,1.64,7.834,2.521,0.0,0.252,0.252,0.076,0.151,0.227,1.682,0.0,14.37,0.756,2.773,7.563,-1.487,-0.182,0.106,-0.039,-0.122,0.029,-0.093,0.313,-0.364,-0.642,-1.066,1.133,-0.271
624,Bowen,WHU,FWD,3406,4,4.941,4.538,-0.403,0.191,0.141,-0.05,0.138,0.121,-0.017,0.328,0.262,-0.066,0.0,0.0,0.0,Neutral,0.988,4.941,0.238,0.344,0.211,0.191,0.138,0.328,1.537,0.74,19.316,1.929,1.295,7.425,4.538,0.252,0.252,0.252,0.141,0.121,0.262,1.682,0.756,19.916,0.756,1.008,5.546,-0.403,0.014,-0.092,0.041,-0.05,-0.017,-0.066,0.145,0.016,0.6,-1.173,-0.287,-1.879
634,Mosquera,WOL,DEF,2137,4,2.569,2.5,-0.069,0.106,0.215,0.109,0.026,0.022,-0.004,0.132,0.238,0.106,0.0,0.0,0.0,Neutral,0.514,2.569,0.0,0.0,0.168,0.106,0.026,0.132,1.534,0.126,8.802,6.696,2.527,9.223,2.5,0.0,0.0,0.0,0.215,0.022,0.238,1.212,0.0,3.25,8.25,2.5,10.75,-0.069,0.0,0.0,-0.168,0.109,-0.004,0.106,-0.322,-0.126,-5.552,1.554,-0.027,1.527
636,S.Bueno,WOL,DEF,2552,4,3.245,3.75,0.505,0.08,0.128,0.048,0.051,0.098,0.047,0.132,0.225,0.093,0.0,0.0,0.0,Neutral,0.649,3.245,0.106,0.071,0.141,0.08,0.051,0.132,1.542,0.141,10.933,5.819,1.799,7.618,3.75,0.25,0.0,0.0,0.128,0.098,0.225,1.212,0.5,7.25,7.0,0.25,7.25,0.505,0.144,-0.071,-0.141,0.048,0.047,0.093,-0.33,0.359,-3.683,1.181,-1.549,-0.368
642,Hee Chan,WOL,MID,1439,3,3.377,2.461,-0.916,0.148,0.081,-0.067,0.098,0.225,0.127,0.246,0.306,0.06,0.0,0.0,0.0,🧊 Cold,0.675,3.377,0.125,0.125,0.125,0.148,0.098,0.246,1.462,0.0,10.32,1.814,0.625,6.004,2.461,0.0,0.352,0.0,0.081,0.225,0.306,1.431,0.0,11.25,2.109,0.352,8.438,-0.916,-0.125,0.227,-0.125,-0.067,0.127,0.06,-0.031,0.0,0.93,0.295,-0.273,2.434
643,André,WOL,MID,2760,4,3.13,2.5,-0.63,0.017,0.018,0.001,0.032,0.035,0.003,0.049,0.052,0.003,0.0,0.0,0.0,🧊 Cold,0.626,3.13,0.033,0.0,0.065,0.017,0.032,0.049,1.542,0.13,15.424,2.935,2.641,12.489,2.5,0.0,0.0,0.0,0.018,0.035,0.052,1.212,0.0,11.5,2.5,1.75,11.75,-0.63,-0.033,0.0,-0.065,0.001,0.003,0.003,-0.33,-0.13,-3.924,-0.435,-0.891,-0.739
646,J.Gomes,WOL,MID,2829,3,3.404,2.687,-0.717,0.041,0.01,-0.031,0.066,0.064,-0.002,0.108,0.074,-0.034,0.0,0.0,0.0,🧊 Cold,0.681,3.404,0.032,0.064,0.127,0.041,0.066,0.108,1.546,0.191,16.829,2.768,3.404,12.312,2.687,0.0,0.0,0.0,0.01,0.064,0.074,1.3,0.0,12.761,3.358,3.694,11.418,-0.717,-0.032,-0.064,-0.127,-0.031,-0.002,-0.034,-0.246,-0.191,-4.068,0.59,0.29,-0.894
654,Strand Larsen,CRY,FWD,2301,3,2.934,2.739,-0.195,0.207,0.188,-0.019,0.044,0.113,0.069,0.251,0.301,0.05,0.0,0.0,0.0,Neutral,0.587,2.934,0.156,0.039,0.196,0.207,0.044,0.251,1.409,0.117,8.409,1.917,0.352,3.716,2.739,0.0,0.0,0.0,0.188,0.113,0.301,1.542,0.0,6.261,1.565,0.0,2.348,-0.195,-0.156,-0.039,-0.196,-0.019,0.069,0.05,0.133,-0.117,-2.148,-0.352,-0.352,-1.368
660,Stach,LEE,MID,2369,3,5.205,5.769,0.564,0.109,0.146,0.037,0.17,0.069,-0.101,0.279,0.215,-0.064,0.0,0.0,0.0,Neutral,1.041,5.205,0.19,0.228,0.266,0.109,0.17,0.279,1.294,0.532,20.895,3.077,2.469,10.106,5.769,0.385,0.0,0.385,0.146,0.069,0.215,1.469,1.154,20.0,1.923,3.077,8.077,0.564,0.195,-0.228,0.119,0.037,-0.101,-0.064,0.175,0.622,-0.895,-1.154,0.608,-2.029
668,Xhaka,SUN,MID,2901,4,3.847,4.25,0.403,0.031,0.028,-0.003,0.116,0.205,0.089,0.147,0.232,0.085,0.0,0.0,0.0,Neutral,0.769,3.847,0.031,0.186,0.279,0.031,0.116,0.147,1.417,0.248,18.707,4.157,1.551,11.231,4.25,0.0,0.25,0.25,0.028,0.205,0.232,1.068,0.75,19.0,2.75,1.25,12.0,0.403,-0.031,0.064,-0.029,-0.003,0.089,0.085,-0.349,0.502,0.293,-1.407,-0.301,0.769
670,Roefs,SUN,GKP,3150,4,3.886,3.5,-0.386,0.0,0.0,0.0,0.003,0.0,-0.003,0.003,0.0,-0.003,3.114,3.0,-0.114,Neutral,0.777,3.886,0.0,0.0,0.286,0.0,0.003,0.003,1.43,0.343,16.371,1.057,0.0,0.0,3.5,0.0,0.0,0.25,0.0,0.0,0.0,1.068,0.0,16.75,1.0,0.0,0.0,-0.386,0.0,0.0,-0.036,0.0,-0.003,-0.003,-0.362,-0.343,0.379,-0.057,0.0,0.0
672,Hato,CHE,DEF,1139,3,1.501,1.558,0.057,0.024,0.0,-0.024,0.048,0.035,-0.013,0.072,0.035,-0.037,0.0,0.0,0.0,Neutral,0.3,1.501,0.0,0.0,0.0,0.024,0.048,0.072,1.462,0.0,7.349,4.978,2.845,7.823,1.558,0.0,0.0,0.0,0.0,0.035,0.035,1.426,0.0,8.961,5.455,2.338,7.792,0.057,0.0,0.0,0.0,-0.024,-0.013,-0.037,-0.036,0.0,1.612,0.477,-0.507,-0.031
673,J.Palhinha,TOT,MID,2192,4,5.173,5.592,0.419,0.112,0.186,0.074,0.027,0.013,-0.014,0.138,0.2,0.062,0.0,0.0,0.0,Neutral,1.035,5.173,0.205,0.123,0.205,0.112,0.027,0.138,1.339,0.698,21.268,4.106,4.516,12.4,5.592,0.266,0.0,0.266,0.186,0.013,0.2,0.679,0.799,22.101,4.793,3.195,13.58,0.419,0.061,-0.123,0.061,0.074,-0.014,0.062,-0.66,0.101,0.833,0.687,-1.321,1.18
676,Ugochukwu,BUR,MID,2330,3,3.747,3.649,-0.098,0.097,0.081,-0.016,0.016,0.049,0.033,0.112,0.13,0.018,0.0,0.0,0.0,Neutral,0.749,3.747,0.116,0.116,0.116,0.097,0.016,0.112,2.04,0.193,14.446,2.433,1.97,8.266,3.649,0.0,0.405,0.0,0.081,0.049,0.13,1.707,0.0,19.865,2.838,1.622,8.919,-0.098,-0.116,0.289,-0.116,-0.016,0.033,0.018,-0.333,-0.193,5.419,0.405,-0.348,0.653
679,Hermansen,WHU,GKP,1620,4,4.222,4.0,-0.222,0.0,0.0,0.0,0.001,0.0,-0.001,0.001,0.0,-0.001,3.056,3.0,-0.056,Neutral,0.844,4.222,0.0,0.056,0.389,0.0,0.001,0.001,1.332,0.444,15.667,1.111,0.0,0.0,4.0,0.0,0.25,0.25,0.0,0.0,0.0,1.692,0.0,14.5,0.75,0.0,0.0,-0.222,0.0,0.194,-0.139,0.0,-0.001,-0.001,0.36,-0.444,-1.167,-0.361,0.0,0.0
683,Alderete,SUN,DEF,2797,3,4.022,5.792,1.77,0.052,0.009,-0.043,0.029,0.009,-0.02,0.081,0.018,-0.063,0.0,0.0,0.0,🔥 Hot,0.804,4.022,0.032,0.032,0.322,0.052,0.029,0.081,1.433,0.161,12.871,9.01,1.03,10.039,5.792,0.0,0.0,0.446,0.009,0.009,0.018,1.056,0.0,15.149,8.911,1.337,10.248,1.77,-0.032,-0.032,0.124,-0.043,-0.02,-0.063,-0.377,-0.161,2.278,-0.099,0.307,0.209
684,Thiaw,NEW,DEF,2963,4,3.827,1.75,-2.077,0.146,0.205,0.059,0.029,0.008,-0.021,0.175,0.212,0.037,0.0,0.0,0.0,🧊 Cold,0.765,3.827,0.121,0.0,0.152,0.146,0.029,0.175,1.495,0.364,13.243,7.533,1.336,8.869,1.75,0.0,0.0,0.0,0.205,0.008,0.212,1.348,0.0,10.75,5.5,1.75,7.25,-2.077,-0.121,0.0,-0.152,0.059,-0.021,0.037,-0.147,-0.364,-2.493,-2.033,0.414,-1.619
686,Ngumoha,LIV,MID,547,3,7.075,4.074,-3.001,0.22,0.111,-0.109,0.331,0.096,-0.235,0.551,0.207,-0.344,0.0,0.0,0.0,🧊 Cold,1.415,7.075,0.329,0.165,0.329,0.22,0.331,0.551,1.468,0.658,30.932,1.152,0.658,4.936,4.074,0.0,0.37,0.0,0.111,0.096,0.207,1.289,0.37,14.815,1.111,0.741,4.444,-3.001,-0.329,0.205,-0.329,-0.109,-0.235,-0.344,-0.179,-0.288,-16.117,-0.041,0.083,-0.492
691,Calvert-Lewin,LEE,FWD,2721,4,4.697,5.858,1.161,0.515,0.485,-0.03,0.035,0.013,-0.022,0.55,0.498,-0.052,0.0,0.0,0.0,🔥 Hot,0.939,4.697,0.463,0.066,0.265,0.515,0.035,0.55,1.182,0.662,15.612,1.621,0.331,3.473,5.858,0.799,0.0,0.266,0.485,0.013,0.498,1.771,1.065,21.834,1.331,0.0,3.195,1.161,0.336,-0.066,0.001,-0.03,-0.022,-0.052,0.589,0.403,6.222,-0.29,-0.331,-0.278
694,Mukiele,SUN,DEF,2784,4,4.881,5.75,0.869,0.052,0.085,0.033,0.086,0.112,0.026,0.138,0.198,0.06,0.0,0.0,0.0,Neutral,0.976,4.881,0.097,0.162,0.291,0.052,0.086,0.138,1.445,0.356,15.808,6.595,2.231,8.825,5.75,0.25,0.0,0.25,0.085,0.112,0.198,1.068,0.25,17.75,7.0,1.5,8.5,0.869,0.153,-0.162,-0.041,0.033,0.026,0.06,-0.377,-0.106,1.942,0.405,-0.731,-0.325
706,Justin,LEE,DEF,1893,4,4.469,3.25,-1.219,0.087,0.055,-0.032,0.055,0.025,-0.03,0.142,0.08,-0.062,0.0,0.0,0.0,🧊 Cold,0.894,4.469,0.095,0.048,0.285,0.087,0.055,0.142,1.569,0.428,16.07,6.086,2.615,8.7,3.25,0.0,0.0,0.25,0.055,0.025,0.08,1.878,0.0,14.75,4.25,3.75,8.0,-1.219,-0.095,-0.048,-0.035,-0.032,-0.03,-0.062,0.309,-0.428,-1.32,-1.836,1.135,-0.7
708,M.Fernandes,WHU,MID,3017,4,4.027,4.75,0.723,0.059,0.175,0.116,0.088,0.105,0.017,0.148,0.28,0.132,0.0,0.0,0.0,Neutral,0.805,4.027,0.089,0.119,0.239,0.059,0.088,0.148,1.441,0.209,19.659,2.506,3.073,11.008,4.75,0.0,0.25,0.25,0.175,0.105,0.28,1.692,0.25,20.25,2.75,3.5,11.5,0.723,-0.089,0.131,0.011,0.116,0.017,0.132,0.251,0.041,0.591,0.244,0.427,0.492
714,Woltemade,NEW,FWD,1896,3,5.127,5.118,-0.009,0.313,0.085,-0.228,0.073,0.132,0.059,0.385,0.218,-0.167,0.0,0.0,0.0,Neutral,1.025,5.127,0.38,0.19,0.38,0.313,0.073,0.385,1.219,0.57,18.94,1.329,1.139,4.984,5.118,0.427,0.0,0.427,0.085,0.132,0.218,1.122,0.853,23.886,0.427,0.853,4.692,-0.009,0.047,-0.19,0.047,-0.228,0.059,-0.167,-0.097,0.283,4.946,-0.902,-0.286,-0.292
719,Lindelöf,AVL,DEF,942,4,2.771,1.607,-1.164,0.027,0.0,-0.027,0.01,0.01,0.0,0.036,0.01,-0.026,0.0,0.0,0.0,🧊 Cold,0.554,2.771,0.0,0.096,0.096,0.027,0.01,0.036,1.522,0.0,11.847,4.49,0.669,5.159,1.607,0.0,0.0,0.0,0.0,0.01,0.01,1.295,0.0,8.036,4.5,0.643,5.143,-1.164,0.0,-0.096,-0.096,-0.027,0.0,-0.026,-0.227,0.0,-3.811,0.01,-0.026,-0.016
722,Florentino,BUR,MID,2100,3,3.6,4.209,0.609,0.027,0.019,-0.008,0.022,0.023,0.001,0.05,0.042,-0.008,0.0,0.0,0.0,Neutral,0.72,3.6,0.0,0.086,0.086,0.027,0.022,0.05,1.983,0.0,15.3,4.757,3.814,13.414,4.209,0.0,0.0,0.0,0.019,0.023,0.042,1.641,0.0,17.482,5.504,3.237,14.245,0.609,0.0,-0.086,-0.086,-0.008,0.001,-0.008,-0.342,0.0,2.182,0.747,-0.577,0.831
723,Canvot,CRY,DEF,1331,3,4.869,2.333,-2.536,0.1,0.103,0.003,0.022,0.013,-0.009,0.122,0.117,-0.005,0.0,0.0,0.0,🧊 Cold,0.974,4.869,0.0,0.0,0.338,0.1,0.022,0.122,1.612,0.609,14.606,8.723,2.705,11.427,2.333,0.0,0.0,0.0,0.103,0.013,0.117,1.62,0.0,6.667,8.333,1.333,9.667,-2.536,0.0,0.0,-0.338,0.003,-0.009,-0.005,0.008,-0.609,-7.939,-0.39,-1.372,-1.76
724,Geertruida,SUN,DEF,1681,3,2.945,3.0,0.055,0.042,0.097,0.055,0.046,0.033,-0.013,0.088,0.13,0.042,0.0,0.0,0.0,Neutral,0.589,2.945,0.0,0.0,0.161,0.042,0.046,0.088,1.655,0.0,12.368,4.069,1.981,6.05,3.0,0.0,0.0,0.333,0.097,0.033,0.13,0.85,0.0,13.667,3.0,1.0,4.0,0.055,0.0,0.0,0.172,0.055,-0.013,0.042,-0.805,0.0,1.299,-1.069,-0.981,-2.05
726,Kolo Muani,TOT,FWD,1655,3,2.828,2.241,-0.587,0.113,0.093,-0.02,0.089,0.097,0.008,0.201,0.19,-0.011,0.0,0.0,0.0,🧊 Cold,0.566,2.828,0.054,0.054,0.218,0.113,0.089,0.201,1.373,0.054,8.157,1.196,1.523,6.199,2.241,0.0,0.0,0.373,0.093,0.097,0.19,0.784,0.0,6.349,0.0,1.867,4.855,-0.587,-0.054,-0.054,0.155,-0.02,0.008,-0.011,-0.589,-0.054,-1.808,-1.196,0.344,-1.344
728,Röhl,EVE,MID,675,4,4.8,5.11,0.31,0.089,0.048,-0.041,0.047,0.04,-0.007,0.136,0.088,-0.048,0.0,0.0,0.0,Neutral,0.96,4.8,0.133,0.133,0.267,0.089,0.047,0.136,1.775,0.267,13.067,2.0,3.333,9.067,5.11,0.284,0.284,0.0,0.048,0.04,0.088,1.445,0.568,14.196,1.42,1.987,5.678,0.31,0.151,0.151,-0.267,-0.041,-0.007,-0.048,-0.33,0.301,1.129,-0.58,-1.346,-3.389
730,Brobbey,SUN,FWD,1920,4,4.312,4.545,0.233,0.282,0.448,0.166,0.031,0.061,0.03,0.314,0.509,0.195,0.0,0.0,0.0,Neutral,0.862,4.312,0.328,0.094,0.281,0.282,0.031,0.314,1.472,0.562,14.484,0.984,0.422,3.469,4.545,0.303,0.303,0.303,0.448,0.061,0.509,0.982,0.303,14.848,1.818,0.303,3.333,0.233,-0.025,0.209,0.022,0.166,0.03,0.195,-0.49,-0.259,0.364,0.834,-0.119,-0.136
733,Lammens,MUN,GKP,2880,4,3.406,4.5,1.094,0.0,0.0,0.0,0.0,0.0,0.0,0.0,0.0,0.0,2.469,2.75,0.281,🔥 Hot,0.681,3.406,0.0,0.0,0.25,0.0,0.0,0.0,1.227,0.344,12.906,0.812,0.031,0.0,4.5,0.0,0.0,0.5,0.0,0.0,0.0,1.202,0.5,17.25,0.5,0.0,0.0,1.094,0.0,0.0,0.25,0.0,0.0,0.0,-0.025,0.156,4.344,-0.312,-0.031,0.0
736,Donnarumma,MCI,GKP,3060,3,3.971,5.0,1.029,0.0,0.0,0.0,0.004,0.0,-0.004,0.004,0.0,-0.004,2.294,2.0,-0.294,🔥 Hot,0.794,3.971,0.0,0.0,0.441,0.0,0.004,0.004,1.132,0.147,16.676,1.235,0.0,0.0,5.0,0.0,0.0,0.667,0.0,0.0,0.0,0.97,0.667,19.333,1.0,0.0,0.0,1.029,0.0,0.0,0.226,0.0,-0.004,-0.004,-0.162,0.52,2.657,-0.235,0.0,0.0
749,Mané,WOL,FWD,1787,4,3.727,4.554,0.827,0.101,0.118,0.017,0.186,0.442,0.256,0.287,0.56,0.273,0.0,0.0,0.0,🔥 Hot,0.745,3.727,0.151,0.101,0.252,0.101,0.186,0.287,1.599,0.453,15.814,1.662,1.36,6.9,4.554,0.268,0.0,0.0,0.118,0.442,0.56,1.173,0.804,23.036,1.071,1.339,8.036,0.827,0.117,-0.101,-0.252,0.017,0.256,0.273,-0.426,0.351,7.222,-0.591,-0.021,1.136
783,Groß,BHA,MID,1636,4,4.291,3.25,-1.041,0.076,0.138,0.062,0.217,0.212,-0.005,0.294,0.35,0.056,0.0,0.0,0.0,🧊 Cold,0.858,4.291,0.055,0.33,0.33,0.076,0.217,0.294,1.12,0.55,21.4,2.2,1.595,7.977,3.25,0.0,0.25,0.25,0.138,0.212,0.35,1.425,0.25,18.0,1.0,1.25,6.25,-1.041,-0.055,-0.08,-0.08,0.062,-0.005,0.056,0.305,-0.3,-3.4,-1.2,-0.345,-1.727
791,Taty,WHU,FWD,1384,3,3.967,5.125,1.158,0.374,0.596,0.222,0.053,0.054,0.001,0.427,0.65,0.223,0.0,0.0,0.0,🔥 Hot,0.793,3.967,0.39,0.065,0.585,0.374,0.053,0.427,1.284,0.325,15.802,1.886,0.715,4.617,5.125,0.641,0.0,0.641,0.596,0.054,0.65,1.672,0.641,21.459,2.562,0.961,5.765,1.158,0.251,-0.065,0.056,0.222,0.001,0.223,0.388,0.316,5.657,0.676,0.246,1.148
796,Gallagher,TOT,MID,1183,4,3.347,4.103,0.756,0.094,0.162,0.068,0.053,0.033,-0.02,0.147,0.195,0.048,0.0,0.0,0.0,🔥 Hot,0.669,3.347,0.076,0.076,0.152,0.094,0.053,0.147,1.448,0.228,16.052,2.206,1.674,9.434,4.103,0.256,0.0,0.256,0.162,0.033,0.195,0.628,0.769,17.179,1.538,2.308,9.744,0.756,0.18,-0.076,0.104,0.068,-0.02,0.048,-0.82,0.541,1.127,-0.668,0.634,0.31
807,Rayan,BOU,MID,1110,4,5.432,6.226,0.794,0.216,0.294,0.078,0.149,0.082,-0.067,0.366,0.376,0.01,0.0,0.0,0.0,Neutral,1.086,5.432,0.405,0.162,0.486,0.216,0.149,0.366,1.552,0.243,19.297,2.27,0.892,6.649,6.226,0.566,0.0,0.849,0.294,0.082,0.376,1.053,0.283,19.528,3.962,0.849,8.774,0.794,0.161,-0.162,0.363,0.078,-0.067,0.01,-0.499,0.04,0.231,1.692,-0.043,2.125
815,Disasi,WHU,DEF,1254,4,3.517,2.542,-0.975,0.079,0.0,-0.079,0.002,0.005,0.003,0.081,0.005,-0.076,0.0,0.0,0.0,🧊 Cold,0.703,3.517,0.0,0.0,0.431,0.079,0.002,0.081,1.331,0.072,13.349,5.311,1.005,6.316,2.542,0.0,0.0,0.254,0.0,0.005,0.005,1.721,0.0,7.627,3.814,0.763,4.576,-0.975,0.0,0.0,-0.177,-0.079,0.003,-0.076,0.39,-0.072,-5.722,-1.497,-0.242,-1.74
817,Armstrong,WOL,FWD,1141,4,3.076,3.611,0.535,0.218,0.425,0.207,0.067,0.047,-0.02,0.286,0.472,0.186,0.0,0.0,0.0,Neutral,0.615,3.076,0.158,0.158,0.237,0.218,0.067,0.286,1.809,0.079,10.175,1.104,0.631,2.918,3.611,0.278,0.0,0.0,0.425,0.047,0.472,1.197,0.278,9.444,0.833,0.833,2.778,0.535,0.12,-0.158,-0.237,0.207,-0.02,0.186,-0.612,0.199,-0.731,-0.271,0.202,-0.14
